[05:04:41] [Server thread/INFO]: Starting minecraft server version 1.12.2
[05:04:41] [Server thread/INFO]: Loading properties
[05:04:41] [Server thread/INFO]: Default game type: SURVIVAL
[05:04:41] [Server thread/INFO]: This server is running Paper version git-Paper-1620 (MC: 1.12.2) (Implementing API version 1.12.2-R0.1-SNAPSHOT)
[05:04:41] [Server thread/INFO]: Debug logging is disabled
[05:04:41] [Server thread/INFO]: Server Ping Player Sample Count: 12
[05:04:41] [Server thread/INFO]: Using 4 threads for Netty based IO
[05:04:41] [Server thread/INFO]: Generating keypair
[05:04:41] [Server thread/INFO]: Starting Minecraft server on localhost:25565
[05:04:41] [Server thread/INFO]: Using default channel type
[05:04:42] [Server thread/INFO]: Set PluginClassLoader as parallel capable
[05:04:42] [Server thread/ERROR]: Could not load 'plugins/worldguard-bukkit-6.2.2.jar' in folder 'plugins'
org.bukkit.plugin.InvalidPluginException: java.lang.NoClassDefFoundError: com/sk89q/minecraft/util/commands/CommandsManager
	at org.bukkit.plugin.java.JavaPluginLoader.loadPlugin(JavaPluginLoader.java:131) ~[patched_1.12.2.jar:git-Paper-1620]
	at org.bukkit.plugin.SimplePluginManager.loadPlugin(SimplePluginManager.java:329) ~[patched_1.12.2.jar:git-Paper-1620]
	at org.bukkit.plugin.SimplePluginManager.loadPlugins(SimplePluginManager.java:251) ~[patched_1.12.2.jar:git-Paper-1620]
	at org.bukkit.craftbukkit.v1_12_R1.CraftServer.loadPlugins(CraftServer.java:318) ~[patched_1.12.2.jar:git-Paper-1620]
	at net.minecraft.server.v1_12_R1.DedicatedServer.init(DedicatedServer.java:222) ~[patched_1.12.2.jar:git-Paper-1620]
	at net.minecraft.server.v1_12_R1.MinecraftServer.run(MinecraftServer.java:616) ~[patched_1.12.2.jar:git-Paper-1620]
	at java.lang.Thread.run(Thread.java:1583) [?:?]
Caused by: java.lang.NoClassDefFoundError: com/sk89q/minecraft/util/commands/CommandsManager
	at java.lang.Class.forName0(Native Method) ~[?:?]
	at java.lang.Class.forName(Class.java:534) ~[?:?]
	at java.lang.Class.forName(Class.java:513) ~[?:?]
	at org.bukkit.plugin.java.PluginClassLoader.<init>(PluginClassLoader.java:82) ~[patched_1.12.2.jar:git-Paper-1620]
	at org.bukkit.plugin.java.JavaPluginLoader.loadPlugin(JavaPluginLoader.java:127) ~[patched_1.12.2.jar:git-Paper-1620]
	... 6 more
Caused by: java.lang.ClassNotFoundException: com.sk89q.minecraft.util.commands.CommandsManager
	at java.net.URLClassLoader.findClass(URLClassLoader.java:445) ~[?:?]
	at org.bukkit.plugin.java.PluginClassLoader.findClass(PluginClassLoader.java:156) ~[patched_1.12.2.jar:git-Paper-1620]
	at org.bukkit.plugin.java.PluginClassLoader.findClass(PluginClassLoader.java:104) ~[patched_1.12.2.jar:git-Paper-1620]
	at java.lang.ClassLoader.loadClass(ClassLoader.java:593) ~[?:?]
	at java.lang.ClassLoader.loadClass(ClassLoader.java:526) ~[?:?]
	at java.lang.Class.forName0(Native Method) ~[?:?]
	at java.lang.Class.forName(Class.java:534) ~[?:?]
	at java.lang.Class.forName(Class.java:513) ~[?:?]
	at org.bukkit.plugin.java.PluginClassLoader.<init>(PluginClassLoader.java:82) ~[patched_1.12.2.jar:git-Paper-1620]
	at org.bukkit.plugin.java.JavaPluginLoader.loadPlugin(JavaPluginLoader.java:127) ~[patched_1.12.2.jar:git-Paper-1620]
	... 6 more
[05:04:42] [Server thread/INFO]: [LobbyAPI] Loading LobbyAPI v3.7.104
[05:04:42] [Server thread/INFO]: [SimpleTpa] Loading SimpleTpa v7.6
[05:04:42] [Server thread/INFO]: [LuckPerms] Loading LuckPerms v5.5.2
[05:04:42] [Server thread/INFO]: [Citizens] Loading Citizens v2.0.21-SNAPSHOT (build 1465)
[05:04:42] [Server thread/INFO]: [SetSpawn] Loading SetSpawn v2.3.5
[05:04:42] [Server thread/INFO]: [Skript] Loading Skript v2.2-dev36
[05:04:42] [Server thread/INFO]: [CommandNPC] Loading CommandNPC v2.1.2
[05:04:42] [Server thread/INFO]: [SkBee] Loading SkBee v1.10.3
[05:04:42] [Server thread/INFO]: [LoginSecurity] Loading LoginSecurity v3.2.0
[05:04:42] [Server thread/INFO]: [Multiverse-Core] Loading Multiverse-Core v2.5.0-b727
[05:04:42] [Server thread/INFO]: [SetHomes] Loading SetHomes v1.3.0
[05:04:42] [Server thread/ERROR]: Permission node 'groups' in permissions.yml is invalid
java.lang.IllegalArgumentException: 'default' key contained unknown value
	at org.bukkit.permissions.Permission.loadPermission(Permission.java:294) ~[patched_1.12.2.jar:git-Paper-1620]
	at org.bukkit.permissions.Permission.loadPermissions(Permission.java:233) ~[patched_1.12.2.jar:git-Paper-1620]
	at org.bukkit.craftbukkit.v1_12_R1.CraftServer.loadCustomPermissions(CraftServer.java:864) ~[patched_1.12.2.jar:git-Paper-1620]
	at org.bukkit.craftbukkit.v1_12_R1.CraftServer.enablePlugins(CraftServer.java:337) ~[patched_1.12.2.jar:git-Paper-1620]
	at net.minecraft.server.v1_12_R1.DedicatedServer.init(DedicatedServer.java:223) ~[patched_1.12.2.jar:git-Paper-1620]
	at net.minecraft.server.v1_12_R1.MinecraftServer.run(MinecraftServer.java:616) ~[patched_1.12.2.jar:git-Paper-1620]
	at java.lang.Thread.run(Thread.java:1583) [?:?]
[05:04:42] [Server thread/INFO]: [LuckPerms] Enabling LuckPerms v5.5.2
[05:04:42] [Server thread/INFO]:         __    
[05:04:42] [Server thread/INFO]:   |    |__)   LuckPerms v5.5.2
[05:04:42] [Server thread/INFO]:   |___ |      Running on Bukkit - Paper
[05:04:42] [Server thread/INFO]: 
[05:04:42] [Server thread/INFO]: [LuckPerms] Loading configuration...
[05:04:42] [Server thread/INFO]: [LuckPerms] Loading storage provider... [H2]
[05:04:43] [Server thread/INFO]: [LuckPerms] Loading internal permission managers...
[05:04:43] [Server thread/INFO]: [LuckPerms] Performing initial data load...
[05:04:43] [Server thread/INFO]: [LuckPerms] Successfully enabled. (took 1034ms)
[05:04:43] [Server thread/WARN]: **** SERVER IS RUNNING IN OFFLINE/INSECURE MODE!
[05:04:43] [Server thread/WARN]: The server will make no attempt to authenticate usernames. Beware.
[05:04:43] [Server thread/WARN]: While this makes the game possible to play without internet access, it also opens up the ability for hackers to connect with any username they choose.
[05:04:43] [Server thread/WARN]: To change this, set "online-mode" to "true" in the server.properties file.
[05:04:43] [Server thread/INFO]: **** Beginning UUID conversion, this may take A LONG time ****
[05:04:43] [Server thread/INFO]: Preparing level "Lobby"
[05:04:43] [Server thread/INFO]: -------- World Settings For [Lobby] --------
[05:04:43] [Server thread/INFO]: Mob Spawn Range: 4
[05:04:43] [Server thread/INFO]: Cactus Growth Modifier: 100%
[05:04:43] [Server thread/INFO]: Cane Growth Modifier: 100%
[05:04:43] [Server thread/INFO]: Melon Growth Modifier: 100%
[05:04:43] [Server thread/INFO]: Mushroom Growth Modifier: 100%
[05:04:43] [Server thread/INFO]: Pumpkin Growth Modifier: 100%
[05:04:43] [Server thread/INFO]: Sapling Growth Modifier: 100%
[05:04:43] [Server thread/INFO]: Wheat Growth Modifier: 100%
[05:04:43] [Server thread/INFO]: NetherWart Growth Modifier: 100%
[05:04:43] [Server thread/INFO]: Vine Growth Modifier: 100%
[05:04:43] [Server thread/INFO]: Cocoa Growth Modifier: 100%
[05:04:43] [Server thread/INFO]: Entity Activation Range: An 32 / Mo 32 / Mi 16 / Tiv true
[05:04:43] [Server thread/INFO]: Entity Tracking Range: Pl 48 / An 48 / Mo 48 / Mi 32 / Other 64
[05:04:43] [Server thread/INFO]: Hopper Transfer: 8 Hopper Check: 1 Hopper Amount: 1
[05:04:43] [Server thread/INFO]: Random Lighting Updates: false
[05:04:43] [Server thread/INFO]: Structure Info Saving: true
[05:04:43] [Server thread/INFO]: Custom Map Seeds:  Village: 10387312 Feature: 14357617 Monument: 10387313 Slime: 987234911
[05:04:43] [Server thread/INFO]: Max TNT Explosions: 100
[05:04:43] [Server thread/INFO]: Tile Max Tick Time: 50ms Entity max Tick Time: 50ms
[05:04:43] [Server thread/INFO]: View Distance: 4
[05:04:43] [Server thread/INFO]: Item Despawn Rate: 6000
[05:04:43] [Server thread/INFO]: Item Merge Radius: 2.5
[05:04:43] [Server thread/INFO]: Arrow Despawn Rate: 1200
[05:04:43] [Server thread/INFO]: Allow Zombie Pigmen to spawn from portal blocks: true
[05:04:43] [Server thread/INFO]: Experience Merge Radius: 3.0
[05:04:43] [Server thread/INFO]: Zombie Aggressive Towards Villager: true
[05:04:43] [Server thread/INFO]: Nerfing mobs spawned from spawners: false
[05:04:43] [Server thread/INFO]: -------- World Settings For [Lobby_nether] --------
[05:04:43] [Server thread/INFO]: Mob Spawn Range: 4
[05:04:43] [Server thread/INFO]: Cactus Growth Modifier: 100%
[05:04:43] [Server thread/INFO]: Cane Growth Modifier: 100%
[05:04:43] [Server thread/INFO]: Melon Growth Modifier: 100%
[05:04:43] [Server thread/INFO]: Mushroom Growth Modifier: 100%
[05:04:43] [Server thread/INFO]: Pumpkin Growth Modifier: 100%
[05:04:43] [Server thread/INFO]: Sapling Growth Modifier: 100%
[05:04:43] [Server thread/INFO]: Wheat Growth Modifier: 100%
[05:04:43] [Server thread/INFO]: NetherWart Growth Modifier: 100%
[05:04:43] [Server thread/INFO]: Vine Growth Modifier: 100%
[05:04:43] [Server thread/INFO]: Cocoa Growth Modifier: 100%
[05:04:43] [Server thread/INFO]: Entity Activation Range: An 32 / Mo 32 / Mi 16 / Tiv true
[05:04:43] [Server thread/INFO]: Entity Tracking Range: Pl 48 / An 48 / Mo 48 / Mi 32 / Other 64
[05:04:43] [Server thread/INFO]: Hopper Transfer: 8 Hopper Check: 1 Hopper Amount: 1
[05:04:43] [Server thread/INFO]: Random Lighting Updates: false
[05:04:43] [Server thread/INFO]: Structure Info Saving: true
[05:04:43] [Server thread/INFO]: Custom Map Seeds:  Village: 10387312 Feature: 14357617 Monument: 10387313 Slime: 987234911
[05:04:43] [Server thread/INFO]: Max TNT Explosions: 100
[05:04:43] [Server thread/INFO]: Tile Max Tick Time: 50ms Entity max Tick Time: 50ms
[05:04:43] [Server thread/INFO]: View Distance: 4
[05:04:43] [Server thread/INFO]: Item Despawn Rate: 6000
[05:04:43] [Server thread/INFO]: Item Merge Radius: 2.5
[05:04:43] [Server thread/INFO]: Arrow Despawn Rate: 1200
[05:04:43] [Server thread/INFO]: Allow Zombie Pigmen to spawn from portal blocks: true
[05:04:43] [Server thread/INFO]: Experience Merge Radius: 3.0
[05:04:43] [Server thread/INFO]: Zombie Aggressive Towards Villager: true
[05:04:43] [Server thread/INFO]: Nerfing mobs spawned from spawners: false
[05:04:43] [Server thread/INFO]: -------- World Settings For [Lobby_the_end] --------
[05:04:43] [Server thread/INFO]: Mob Spawn Range: 4
[05:04:43] [Server thread/INFO]: Cactus Growth Modifier: 100%
[05:04:43] [Server thread/INFO]: Cane Growth Modifier: 100%
[05:04:43] [Server thread/INFO]: Melon Growth Modifier: 100%
[05:04:43] [Server thread/INFO]: Mushroom Growth Modifier: 100%
[05:04:43] [Server thread/INFO]: Pumpkin Growth Modifier: 100%
[05:04:43] [Server thread/INFO]: Sapling Growth Modifier: 100%
[05:04:43] [Server thread/INFO]: Wheat Growth Modifier: 100%
[05:04:43] [Server thread/INFO]: NetherWart Growth Modifier: 100%
[05:04:43] [Server thread/INFO]: Vine Growth Modifier: 100%
[05:04:43] [Server thread/INFO]: Cocoa Growth Modifier: 100%
[05:04:43] [Server thread/INFO]: Entity Activation Range: An 32 / Mo 32 / Mi 16 / Tiv true
[05:04:43] [Server thread/INFO]: Entity Tracking Range: Pl 48 / An 48 / Mo 48 / Mi 32 / Other 64
[05:04:43] [Server thread/INFO]: Hopper Transfer: 8 Hopper Check: 1 Hopper Amount: 1
[05:04:43] [Server thread/INFO]: Random Lighting Updates: false
[05:04:43] [Server thread/INFO]: Structure Info Saving: true
[05:04:43] [Server thread/INFO]: Custom Map Seeds:  Village: 10387312 Feature: 14357617 Monument: 10387313 Slime: 987234911
[05:04:43] [Server thread/INFO]: Max TNT Explosions: 100
[05:04:43] [Server thread/INFO]: Tile Max Tick Time: 50ms Entity max Tick Time: 50ms
[05:04:43] [Server thread/INFO]: View Distance: 4
[05:04:43] [Server thread/INFO]: Item Despawn Rate: 6000
[05:04:43] [Server thread/INFO]: Item Merge Radius: 2.5
[05:04:43] [Server thread/INFO]: Arrow Despawn Rate: 1200
[05:04:43] [Server thread/INFO]: Allow Zombie Pigmen to spawn from portal blocks: true
[05:04:43] [Server thread/INFO]: Experience Merge Radius: 3.0
[05:04:43] [Server thread/INFO]: Zombie Aggressive Towards Villager: true
[05:04:43] [Server thread/INFO]: Nerfing mobs spawned from spawners: false
[05:04:43] [Server thread/INFO]: Preparing start region for level 0 (Seed: 0)
[05:04:44] [Server thread/INFO]: Preparing start region for level 1 (Seed: 8034280102195091147)
[05:04:44] [Server thread/INFO]: Preparing start region for level 2 (Seed: 8034280102195091147)
[05:04:44] [Server thread/INFO]: [LobbyAPI] Enabling LobbyAPI v3.7.104
[05:04:44] [Server thread/INFO]: Found a new version v1.1.53 downloading now!!
[05:04:44] [Server thread/INFO]: [LobbyAPI]Bungee For LobbyAPI is disabled
[05:04:44] [Server thread/ERROR]: Error occurred while enabling LobbyAPI v3.7.104 (Is it up to date?)
java.lang.NoClassDefFoundError: org/bukkit/craftbukkit/libs/org/apache/commons/io/IOUtils
	at me.zombie_striker.lobbyapi.utils.SpiGetUpdater.getLastUpdate(SpiGetUpdater.java:62) ~[?:?]
	at me.zombie_striker.lobbyapi.utils.SpiGetUpdater.checkAutoUpdate(SpiGetUpdater.java:31) ~[?:?]
	at me.zombie_striker.lobbyapi.utils.SpiGetUpdater.checkAutoUpdate(SpiGetUpdater.java:27) ~[?:?]
	at me.zombie_striker.lobbyapi.Main.onEnable(Main.java:242) ~[?:?]
	at org.bukkit.plugin.java.JavaPlugin.setEnabled(JavaPlugin.java:264) ~[patched_1.12.2.jar:git-Paper-1620]
	at org.bukkit.plugin.java.JavaPluginLoader.enablePlugin(JavaPluginLoader.java:316) ~[patched_1.12.2.jar:git-Paper-1620]
	at org.bukkit.plugin.SimplePluginManager.enablePlugin(SimplePluginManager.java:405) ~[patched_1.12.2.jar:git-Paper-1620]
	at org.bukkit.craftbukkit.v1_12_R1.CraftServer.enablePlugin(CraftServer.java:395) ~[patched_1.12.2.jar:git-Paper-1620]
	at org.bukkit.craftbukkit.v1_12_R1.CraftServer.enablePlugins(CraftServer.java:344) ~[patched_1.12.2.jar:git-Paper-1620]
	at net.minecraft.server.v1_12_R1.MinecraftServer.t(MinecraftServer.java:442) ~[patched_1.12.2.jar:git-Paper-1620]
	at net.minecraft.server.v1_12_R1.MinecraftServer.l(MinecraftServer.java:403) ~[patched_1.12.2.jar:git-Paper-1620]
	at net.minecraft.server.v1_12_R1.MinecraftServer.a(MinecraftServer.java:341) ~[patched_1.12.2.jar:git-Paper-1620]
	at net.minecraft.server.v1_12_R1.DedicatedServer.init(DedicatedServer.java:289) ~[patched_1.12.2.jar:git-Paper-1620]
	at net.minecraft.server.v1_12_R1.MinecraftServer.run(MinecraftServer.java:616) ~[patched_1.12.2.jar:git-Paper-1620]
	at java.lang.Thread.run(Thread.java:1583) [?:?]
Caused by: java.lang.ClassNotFoundException: org.bukkit.craftbukkit.libs.org.apache.commons.io.IOUtils
	at org.bukkit.plugin.java.PluginClassLoader.findClass(PluginClassLoader.java:109) ~[patched_1.12.2.jar:git-Paper-1620]
	at org.bukkit.plugin.java.PluginClassLoader.findClass(PluginClassLoader.java:104) ~[patched_1.12.2.jar:git-Paper-1620]
	at java.lang.ClassLoader.loadClass(ClassLoader.java:593) ~[?:?]
	at java.lang.ClassLoader.loadClass(ClassLoader.java:526) ~[?:?]
	... 15 more
[05:04:44] [Server thread/INFO]: [LobbyAPI] Disabling LobbyAPI v3.7.104
[05:04:44] [Server thread/INFO]: [SimpleTpa] Enabling SimpleTpa v7.6
[05:04:44] [Server thread/INFO]: [SimpleTpa] If you need support contact me at https://discord.gg/SZUkza9
[05:04:44] [Server thread/INFO]: [SimpleTpa] Simple Tpa has been enabled on version 7.6
[05:04:44] [Server thread/INFO]: Enabled metrics. You may opt-out by changing plugins/bStats/config.yml
[05:04:44] [Server thread/INFO]: [Citizens] Enabling Citizens v2.0.21-SNAPSHOT (build 1465)
[05:04:44] [Server thread/ERROR]: [Citizens] v2.0.21-SNAPSHOT (build 1465) is not compatible with Minecraft v1_12_R1 - try upgrading or downgrading Citizens. Disabling.
[05:04:44] [Server thread/INFO]: [Citizens] Disabling Citizens v2.0.21-SNAPSHOT (build 1465)
[05:04:44] [Server thread/INFO]: [SetSpawn] Enabling SetSpawn v2.3.5
[05:04:44] [Server thread/INFO]: [org.minecraftlist.setspawn.UpdateCheck] Checking for updates for setspawn on mclist.io
[05:04:44] [User Authenticator #1/INFO]: UUID of player naeem is 3191f21f-c0ce-3410-8d7a-fab12180d20f
[05:04:44] [Server thread/WARN]: [org.minecraftlist.setspawn.UpdateCheck] Failed to check update for setspawn
[05:04:44] [Server thread/WARN]: java.io.FileNotFoundException: https://api.mclist.io/resource/setspawn
[05:04:44] [Server thread/WARN]: 	at java.base/sun.net.www.protocol.http.HttpURLConnection.getInputStream0(HttpURLConnection.java:1994)
[05:04:44] [Server thread/WARN]: 	at java.base/sun.net.www.protocol.http.HttpURLConnection.getInputStream(HttpURLConnection.java:1599)
[05:04:44] [Server thread/WARN]: 	at java.base/java.net.URLConnection.getContent(URLConnection.java:769)
[05:04:44] [Server thread/WARN]: 	at java.base/sun.net.www.protocol.https.HttpsURLConnectionImpl.getContent(HttpsURLConnectionImpl.java:403)
[05:04:44] [Server thread/WARN]: 	at org.minecraftlist.setspawn.UpdateCheck.checkUpdate(UpdateCheck.java:34)
[05:04:44] [Server thread/WARN]: 	at org.minecraftlist.setspawn.SetSpawnPlugin.onEnable(SetSpawnPlugin.java:24)
[05:04:44] [Server thread/WARN]: 	at org.bukkit.plugin.java.JavaPlugin.setEnabled(JavaPlugin.java:264)
[05:04:44] [Server thread/WARN]: 	at org.bukkit.plugin.java.JavaPluginLoader.enablePlugin(JavaPluginLoader.java:316)
[05:04:44] [Server thread/WARN]: 	at org.bukkit.plugin.SimplePluginManager.enablePlugin(SimplePluginManager.java:405)
[05:04:44] [Server thread/WARN]: 	at org.bukkit.craftbukkit.v1_12_R1.CraftServer.enablePlugin(CraftServer.java:395)
[05:04:44] [Server thread/WARN]: 	at org.bukkit.craftbukkit.v1_12_R1.CraftServer.enablePlugins(CraftServer.java:344)
[05:04:44] [Server thread/WARN]: 	at net.minecraft.server.v1_12_R1.MinecraftServer.t(MinecraftServer.java:442)
[05:04:44] [Server thread/WARN]: 	at net.minecraft.server.v1_12_R1.MinecraftServer.l(MinecraftServer.java:403)
[05:04:44] [Server thread/WARN]: 	at net.minecraft.server.v1_12_R1.MinecraftServer.a(MinecraftServer.java:341)
[05:04:44] [Server thread/WARN]: 	at net.minecraft.server.v1_12_R1.DedicatedServer.init(DedicatedServer.java:289)
[05:04:44] [Server thread/WARN]: 	at net.minecraft.server.v1_12_R1.MinecraftServer.run(MinecraftServer.java:616)
[05:04:44] [Server thread/WARN]: 	at java.base/java.lang.Thread.run(Thread.java:1583)
[05:04:44] [Server thread/INFO]: [SetSpawn] =-=-=-=-=-=-=-=-=-=-=-=
[05:04:44] [Server thread/INFO]: [SetSpawn] Thanks for downloading SetSpawn
[05:04:44] [Server thread/INFO]: [SetSpawn] Advertise your Minecraft server today at
[05:04:44] [Server thread/INFO]: [SetSpawn] https://mclist.io
[05:04:44] [Server thread/INFO]: [SetSpawn] =-=-=-=-=-=-=-=-=-=-=-=
[05:04:44] [Server thread/INFO]: [Skript] Enabling Skript v2.2-dev36
[05:04:45] [Server thread/INFO]: [Skript] Starting updater thread
[05:04:45] [Server thread/INFO]: [Skript] Loaded a total of 7398 english aliases
[05:04:45] [Server thread/WARN]: [Skript] There are no aliases defined for the following ids: 165, 166, 167, 168, 169, 176, 177, 178, 179, 180, 181, 182, 183, 184, 185, 186, 187, 188, 189, 190, 191, 192, 193, 194, 195, 196, 197, 198, 199, 200, 201, 202, 203, 204, 205, 206, 207, 208, 209, 210, 211, 212, 213, 214, 215, 216, 217, 218, 219, 220, 221, 222, 223, 224, 225, 226, 227, 228, 229, 230, 231, 232, 233, 234, 235, 236, 237, 238, 239, 240, 241, 242, 243, 244, 245, 246, 247, 248, 249, 250, 251, 252, 255, 409, 410, 411, 412, 413, 414, 415, 416, 423, 424, 425, 426, 427, 428, 429, 430, 431, 432, 433, 434, 435, 436, 437, 438, 439, 440, 441, 442, 443, 444, 445, 446, 447, 448, 449, 450, 452, 453
[05:04:45] [Server thread/INFO]: [Skript]  ~ created by & © Peter Güttinger aka Njol ~
[05:04:45] [Server thread/INFO]: [CommandNPC] Enabling CommandNPC v2.1.2
[05:04:45] [Server thread/INFO]: ---------------------{CommandNPC Error}---------------------
[05:04:45] [Server thread/INFO]:                            Topic
[05:04:45] [Server thread/INFO]:                    Required Dependencies
[05:04:45] [Server thread/INFO]: 
[05:04:45] [Server thread/INFO]:     Citizens 2 not found! commandnpc will now shut down. 
[05:04:45] [Server thread/INFO]: 
[05:04:45] [Server thread/INFO]:        Class: commandnpc   Method: onEnable() 
[05:04:45] [Server thread/INFO]: 
[05:04:45] [Server thread/INFO]: ---------------------{CommandNPC Error}---------------------
[05:04:45] [Server thread/INFO]: [CommandNPC] Disabling CommandNPC v2.1.2
[05:04:45] [Server thread/INFO]: [SkBee] Enabling SkBee v1.10.3
[05:04:45] [Server thread/INFO]: [SkBee] Skript 2.6.2+ is required for this version of SkBee
[05:04:45] [Server thread/INFO]: [SkBee] Disabling SkBee v1.10.3
[05:04:45] [Server thread/INFO]: [LoginSecurity] Enabling LoginSecurity v3.2.0
[05:04:45] [Server thread/INFO]: [LoginSecurity] Loading base translations from "en_us"
[05:04:45] [Server thread/INFO]: [LoginSecurity] Loading specified translations from "en_us"
[05:04:45] [Server thread/INFO]: [LoginSecurity] Registering commands...
[05:04:45] [Server thread/INFO]: [LoginSecurity] Registering listeners...
[05:04:45] [Server thread/INFO]: [Multiverse-Core] Enabling Multiverse-Core v2.5.0-b727
[05:04:45] [Server thread/INFO]: -------- World Settings For [hworld] --------
[05:04:45] [Server thread/INFO]: Mob Spawn Range: 4
[05:04:45] [Server thread/INFO]: Cactus Growth Modifier: 100%
[05:04:45] [Server thread/INFO]: Cane Growth Modifier: 100%
[05:04:45] [Server thread/INFO]: Melon Growth Modifier: 100%
[05:04:45] [Server thread/INFO]: Mushroom Growth Modifier: 100%
[05:04:45] [Server thread/INFO]: Pumpkin Growth Modifier: 100%
[05:04:45] [Server thread/INFO]: Sapling Growth Modifier: 100%
[05:04:45] [Server thread/INFO]: Wheat Growth Modifier: 100%
[05:04:45] [Server thread/INFO]: NetherWart Growth Modifier: 100%
[05:04:45] [Server thread/INFO]: Vine Growth Modifier: 100%
[05:04:45] [Server thread/INFO]: Cocoa Growth Modifier: 100%
[05:04:45] [Server thread/INFO]: Entity Activation Range: An 32 / Mo 32 / Mi 16 / Tiv true
[05:04:45] [Server thread/INFO]: Entity Tracking Range: Pl 48 / An 48 / Mo 48 / Mi 32 / Other 64
[05:04:45] [Server thread/INFO]: Hopper Transfer: 8 Hopper Check: 1 Hopper Amount: 1
[05:04:45] [Server thread/INFO]: Random Lighting Updates: false
[05:04:45] [Server thread/INFO]: Structure Info Saving: true
[05:04:45] [Server thread/INFO]: Custom Map Seeds:  Village: 10387312 Feature: 14357617 Monument: 10387313 Slime: 987234911
[05:04:45] [Server thread/INFO]: Max TNT Explosions: 100
[05:04:45] [Server thread/INFO]: Tile Max Tick Time: 50ms Entity max Tick Time: 50ms
[05:04:45] [Server thread/INFO]: View Distance: 4
[05:04:45] [Server thread/INFO]: Item Despawn Rate: 6000
[05:04:45] [Server thread/INFO]: Item Merge Radius: 2.5
[05:04:45] [Server thread/INFO]: Arrow Despawn Rate: 1200
[05:04:45] [Server thread/INFO]: Allow Zombie Pigmen to spawn from portal blocks: true
[05:04:45] [Server thread/INFO]: Experience Merge Radius: 3.0
[05:04:45] [Server thread/INFO]: Zombie Aggressive Towards Villager: true
[05:04:45] [Server thread/INFO]: Nerfing mobs spawned from spawners: false
[05:04:45] [Server thread/INFO]: Preparing start region for level 3 (Seed: 5320705489938410903)
[05:04:46] [Server thread/INFO]: -------- World Settings For [survival] --------
[05:04:46] [Server thread/INFO]: Mob Spawn Range: 4
[05:04:46] [Server thread/INFO]: Cactus Growth Modifier: 100%
[05:04:46] [Server thread/INFO]: Cane Growth Modifier: 100%
[05:04:46] [Server thread/INFO]: Melon Growth Modifier: 100%
[05:04:46] [Server thread/INFO]: Mushroom Growth Modifier: 100%
[05:04:46] [Server thread/INFO]: Pumpkin Growth Modifier: 100%
[05:04:46] [Server thread/INFO]: Sapling Growth Modifier: 100%
[05:04:46] [Server thread/INFO]: Wheat Growth Modifier: 100%
[05:04:46] [Server thread/INFO]: NetherWart Growth Modifier: 100%
[05:04:46] [Server thread/INFO]: Vine Growth Modifier: 100%
[05:04:46] [Server thread/INFO]: Cocoa Growth Modifier: 100%
[05:04:46] [Server thread/INFO]: Entity Activation Range: An 32 / Mo 32 / Mi 16 / Tiv true
[05:04:46] [Server thread/INFO]: Entity Tracking Range: Pl 48 / An 48 / Mo 48 / Mi 32 / Other 64
[05:04:46] [Server thread/INFO]: Hopper Transfer: 8 Hopper Check: 1 Hopper Amount: 1
[05:04:46] [Server thread/INFO]: Random Lighting Updates: false
[05:04:46] [Server thread/INFO]: Structure Info Saving: true
[05:04:46] [Server thread/INFO]: Custom Map Seeds:  Village: 10387312 Feature: 14357617 Monument: 10387313 Slime: 987234911
[05:04:46] [Server thread/INFO]: Max TNT Explosions: 100
[05:04:46] [Server thread/INFO]: Tile Max Tick Time: 50ms Entity max Tick Time: 50ms
[05:04:46] [Server thread/INFO]: View Distance: 4
[05:04:46] [Server thread/INFO]: Item Despawn Rate: 6000
[05:04:46] [Server thread/INFO]: Item Merge Radius: 2.5
[05:04:46] [Server thread/INFO]: Arrow Despawn Rate: 1200
[05:04:46] [Server thread/INFO]: Allow Zombie Pigmen to spawn from portal blocks: true
[05:04:46] [Server thread/INFO]: Experience Merge Radius: 3.0
[05:04:46] [Server thread/INFO]: Zombie Aggressive Towards Villager: true
[05:04:46] [Server thread/INFO]: Nerfing mobs spawned from spawners: false
[05:04:46] [Server thread/INFO]: Preparing start region for level 4 (Seed: 3590672027358642951)
[05:04:46] [Server thread/INFO]: -------- World Settings For [zworld] --------
[05:04:46] [Server thread/INFO]: Mob Spawn Range: 4
[05:04:46] [Server thread/INFO]: Cactus Growth Modifier: 100%
[05:04:46] [Server thread/INFO]: Cane Growth Modifier: 100%
[05:04:46] [Server thread/INFO]: Melon Growth Modifier: 100%
[05:04:46] [Server thread/INFO]: Mushroom Growth Modifier: 100%
[05:04:46] [Server thread/INFO]: Pumpkin Growth Modifier: 100%
[05:04:46] [Server thread/INFO]: Sapling Growth Modifier: 100%
[05:04:46] [Server thread/INFO]: Wheat Growth Modifier: 100%
[05:04:46] [Server thread/INFO]: NetherWart Growth Modifier: 100%
[05:04:46] [Server thread/INFO]: Vine Growth Modifier: 100%
[05:04:46] [Server thread/INFO]: Cocoa Growth Modifier: 100%
[05:04:46] [Server thread/INFO]: Entity Activation Range: An 32 / Mo 32 / Mi 16 / Tiv true
[05:04:46] [Server thread/INFO]: Entity Tracking Range: Pl 48 / An 48 / Mo 48 / Mi 32 / Other 64
[05:04:46] [Server thread/INFO]: Hopper Transfer: 8 Hopper Check: 1 Hopper Amount: 1
[05:04:46] [Server thread/INFO]: Random Lighting Updates: false
[05:04:46] [Server thread/INFO]: Structure Info Saving: true
[05:04:46] [Server thread/INFO]: Custom Map Seeds:  Village: 10387312 Feature: 14357617 Monument: 10387313 Slime: 987234911
[05:04:46] [Server thread/INFO]: Max TNT Explosions: 100
[05:04:46] [Server thread/INFO]: Tile Max Tick Time: 50ms Entity max Tick Time: 50ms
[05:04:46] [Server thread/INFO]: View Distance: 4
[05:04:46] [Server thread/INFO]: Item Despawn Rate: 6000
[05:04:46] [Server thread/INFO]: Item Merge Radius: 2.5
[05:04:46] [Server thread/INFO]: Arrow Despawn Rate: 1200
[05:04:46] [Server thread/INFO]: Allow Zombie Pigmen to spawn from portal blocks: true
[05:04:46] [Server thread/INFO]: Experience Merge Radius: 3.0
[05:04:46] [Server thread/INFO]: Zombie Aggressive Towards Villager: true
[05:04:46] [Server thread/INFO]: Nerfing mobs spawned from spawners: false
[05:04:46] [Server thread/INFO]: Preparing start region for level 5 (Seed: -4618296368164232674)
[05:04:46] [Server thread/INFO]: -------- World Settings For [pvp] --------
[05:04:46] [Server thread/INFO]: Mob Spawn Range: 4
[05:04:46] [Server thread/INFO]: Cactus Growth Modifier: 100%
[05:04:46] [Server thread/INFO]: Cane Growth Modifier: 100%
[05:04:46] [Server thread/INFO]: Melon Growth Modifier: 100%
[05:04:46] [Server thread/INFO]: Mushroom Growth Modifier: 100%
[05:04:46] [Server thread/INFO]: Pumpkin Growth Modifier: 100%
[05:04:46] [Server thread/INFO]: Sapling Growth Modifier: 100%
[05:04:46] [Server thread/INFO]: Wheat Growth Modifier: 100%
[05:04:46] [Server thread/INFO]: NetherWart Growth Modifier: 100%
[05:04:46] [Server thread/INFO]: Vine Growth Modifier: 100%
[05:04:46] [Server thread/INFO]: Cocoa Growth Modifier: 100%
[05:04:46] [Server thread/INFO]: Entity Activation Range: An 32 / Mo 32 / Mi 16 / Tiv true
[05:04:46] [Server thread/INFO]: Entity Tracking Range: Pl 48 / An 48 / Mo 48 / Mi 32 / Other 64
[05:04:46] [Server thread/INFO]: Hopper Transfer: 8 Hopper Check: 1 Hopper Amount: 1
[05:04:46] [Server thread/INFO]: Random Lighting Updates: false
[05:04:46] [Server thread/INFO]: Structure Info Saving: true
[05:04:46] [Server thread/INFO]: Custom Map Seeds:  Village: 10387312 Feature: 14357617 Monument: 10387313 Slime: 987234911
[05:04:46] [Server thread/INFO]: Max TNT Explosions: 100
[05:04:46] [Server thread/INFO]: Tile Max Tick Time: 50ms Entity max Tick Time: 50ms
[05:04:46] [Server thread/INFO]: View Distance: 4
[05:04:46] [Server thread/INFO]: Item Despawn Rate: 6000
[05:04:46] [Server thread/INFO]: Item Merge Radius: 2.5
[05:04:46] [Server thread/INFO]: Arrow Despawn Rate: 1200
[05:04:46] [Server thread/INFO]: Allow Zombie Pigmen to spawn from portal blocks: true
[05:04:46] [Server thread/INFO]: Experience Merge Radius: 3.0
[05:04:46] [Server thread/INFO]: Zombie Aggressive Towards Villager: true
[05:04:46] [Server thread/INFO]: Nerfing mobs spawned from spawners: false
[05:04:46] [Server thread/INFO]: Preparing start region for level 6 (Seed: 9034680730437388019)
[05:04:46] [Server thread/WARN]: [Multiverse-Core] WorldManager: Can't load this world because the folder was deleted/moved: pvp_world
[05:04:46] [Server thread/WARN]: [Multiverse-Core] Use '/mv remove' to remove it from the config!
[05:04:46] [Server thread/INFO]: [Multiverse-Core] 7 - World(s) loaded.
[05:04:46] [Server thread/INFO]: [Multiverse-Core] Version 2.5.0-b727 (API v20) Enabled - By Rigby, fernferret, lithium3141, main-- and dumptruckman
[05:04:46] [Server thread/INFO]: [SetHomes] Enabling SetHomes v1.3.0
[05:04:46] [Server thread/INFO]: [SetHomes] Hooked into LuckPerms!
[05:04:46] [Server thread/INFO]: Done (3.338s)! For help, type "help" or "?"
[05:04:46] [Server thread/INFO]: Timings Reset
[05:04:46] [Craft Scheduler Thread - 2/INFO]: [org.minecraftlist.setspawn.UpdateCheck] Checking for updates for setspawn on mclist.io
[05:04:46] [Server thread/INFO]: [Skript] Loading variables...
[05:04:46] [Server thread/INFO]: [Skript] Loaded 29 variables in 0.0 seconds
[05:04:46] [Server thread/ERROR]: [Skript] Can't understand this expression: xp level of {_target} (admin.sk, line 12: send "&aXP Levels: &f%xp level of {_target}%"')
[05:04:46] [Server thread/ERROR]: [Skript] Can't compare a player with ('set' or 'arg-2 is not set') (admin.sk, line 18: if arg-1 is not set or arg-2 is not set:')
[05:04:46] [Server thread/ERROR]: [Skript] can't understand this condition: '{cmdaccess.%{_label}%} is false and player doesn't have permission "skript.admin"' (cmd.sk, line 53: if {cmdaccess.%{_label}%} is false and player doesn't have permission "skript.admin":')
[05:04:46] [Server thread/ERROR]: [Skript] Can't understand this loop: 'loop 255 down to 1' (rtp.sk, line 21: loop 255 down to 1:')
[05:04:46] [Server thread/ERROR]: [Skript] Functions cannot be used here (or there is a problem with your arguments). (rtp.sk, line 29: set {_loc} to location({_x}, {_y}, {_z}) in {_world}')
[05:04:47] [Server thread/ERROR]: [Skript] Can't compare a block with ('water' and 'block at {_loc} is not lava') (rtp.sk, line 30: if block at {_loc} is not water and block at {_loc} is not lava:')
[05:04:47] [Server thread/INFO]: [Skript] Loaded 7 scripts with a total of 3 triggers and 16 commands in 0.19 seconds
[05:04:47] [Server thread/INFO]: [Skript] Finished loading.
[05:04:47] [Craft Scheduler Thread - 1/INFO]: [Skript] You're currently running custom Skript version. No updates will be automatically installed.
[05:04:47] [Server thread/INFO]: naeem[/127.0.0.1:54874] logged in with entity id 92 at ([survival]1.5, 64.0, 6.5)
[05:04:47] [Craft Scheduler Thread - 2/WARN]: [org.minecraftlist.setspawn.UpdateCheck] Failed to check update for setspawn
[05:04:47] [Craft Scheduler Thread - 2/WARN]: java.io.FileNotFoundException: https://api.mclist.io/resource/setspawn
[05:04:47] [Craft Scheduler Thread - 2/WARN]: 	at java.base/sun.net.www.protocol.http.HttpURLConnection.getInputStream0(HttpURLConnection.java:1994)
[05:04:47] [Craft Scheduler Thread - 2/WARN]: 	at java.base/sun.net.www.protocol.http.HttpURLConnection.getInputStream(HttpURLConnection.java:1599)
[05:04:47] [Craft Scheduler Thread - 2/WARN]: 	at java.base/java.net.URLConnection.getContent(URLConnection.java:769)
[05:04:47] [Craft Scheduler Thread - 2/WARN]: 	at java.base/sun.net.www.protocol.https.HttpsURLConnectionImpl.getContent(HttpsURLConnectionImpl.java:403)
[05:04:47] [Craft Scheduler Thread - 2/WARN]: 	at org.minecraftlist.setspawn.UpdateCheck.checkUpdate(UpdateCheck.java:34)
[05:04:47] [Craft Scheduler Thread - 2/WARN]: 	at org.minecraftlist.setspawn.SetSpawnPlugin.lambda$onEnable$0(SetSpawnPlugin.java:51)
[05:04:47] [Craft Scheduler Thread - 2/WARN]: 	at org.bukkit.craftbukkit.v1_12_R1.scheduler.CraftTask.run(CraftTask.java:64)
[05:04:47] [Craft Scheduler Thread - 2/WARN]: 	at org.bukkit.craftbukkit.v1_12_R1.scheduler.CraftAsyncTask.run(CraftAsyncTask.java:52)
[05:04:47] [Craft Scheduler Thread - 2/WARN]: 	at com.destroystokyo.paper.ServerSchedulerReportingWrapper.run(ServerSchedulerReportingWrapper.java:22)
[05:04:47] [Craft Scheduler Thread - 2/WARN]: 	at java.base/java.util.concurrent.ThreadPoolExecutor.runWorker(ThreadPoolExecutor.java:1144)
[05:04:47] [Craft Scheduler Thread - 2/WARN]: 	at java.base/java.util.concurrent.ThreadPoolExecutor$Worker.run(ThreadPoolExecutor.java:642)
[05:04:47] [Craft Scheduler Thread - 2/WARN]: 	at java.base/java.lang.Thread.run(Thread.java:1583)
[05:05:05] [Server thread/INFO]: naeem issued server command: /rtp
[05:05:05] [Server thread/INFO]: naeem [3191f21f-c0ce-3410-8d7a-fab12180d20f]: /rtp
[05:05:08] [Server thread/INFO]: naeem issued server command: /rtp
[05:05:08] [Server thread/INFO]: naeem [3191f21f-c0ce-3410-8d7a-fab12180d20f]: /rtp
[05:05:09] [Server thread/INFO]: naeem issued server command: /rtp
[05:05:09] [Server thread/INFO]: naeem [3191f21f-c0ce-3410-8d7a-fab12180d20f]: /rtp
[05:05:11] [Server thread/INFO]: naeem fell from a high place
[05:05:24] [Server thread/INFO]: naeem issued server command: /spawn
[05:05:26] [Server thread/ERROR]: Could not pass event PlayerInteractEvent to SetHomes v1.3.0
org.bukkit.event.EventException: null
	at org.bukkit.plugin.EventExecutor$2.execute(EventExecutor.java:72) ~[patched_1.12.2.jar:git-Paper-1620]
	at co.aikar.timings.TimedEventExecutor.execute(TimedEventExecutor.java:78) ~[patched_1.12.2.jar:git-Paper-1620]
	at org.bukkit.plugin.RegisteredListener.callEvent(RegisteredListener.java:62) ~[patched_1.12.2.jar:git-Paper-1620]
	at org.bukkit.plugin.SimplePluginManager.callEvent(SimplePluginManager.java:513) ~[patched_1.12.2.jar:git-Paper-1620]
	at org.bukkit.craftbukkit.v1_12_R1.event.CraftEventFactory.callPlayerInteractEvent(CraftEventFactory.java:236) ~[patched_1.12.2.jar:git-Paper-1620]
	at org.bukkit.craftbukkit.v1_12_R1.event.CraftEventFactory.callPlayerInteractEvent(CraftEventFactory.java:203) ~[patched_1.12.2.jar:git-Paper-1620]
	at org.bukkit.craftbukkit.v1_12_R1.event.CraftEventFactory.callPlayerInteractEvent(CraftEventFactory.java:199) ~[patched_1.12.2.jar:git-Paper-1620]
	at net.minecraft.server.v1_12_R1.PlayerConnection.a(PlayerConnection.java:1530) ~[patched_1.12.2.jar:git-Paper-1620]
	at net.minecraft.server.v1_12_R1.PacketPlayInArmAnimation.a(PacketPlayInArmAnimation.java:24) ~[patched_1.12.2.jar:git-Paper-1620]
	at net.minecraft.server.v1_12_R1.PacketPlayInArmAnimation.a(PacketPlayInArmAnimation.java:5) ~[patched_1.12.2.jar:git-Paper-1620]
	at net.minecraft.server.v1_12_R1.PlayerConnectionUtils.lambda$ensureMainThread$0(PlayerConnectionUtils.java:14) ~[patched_1.12.2.jar:git-Paper-1620]
	at java.util.concurrent.Executors$RunnableAdapter.call(Executors.java:572) ~[?:?]
	at java.util.concurrent.FutureTask.run(FutureTask.java:317) ~[?:?]
	at net.minecraft.server.v1_12_R1.SystemUtils.a(SourceFile:46) ~[patched_1.12.2.jar:git-Paper-1620]
	at net.minecraft.server.v1_12_R1.MinecraftServer.D(MinecraftServer.java:850) ~[patched_1.12.2.jar:git-Paper-1620]
	at net.minecraft.server.v1_12_R1.DedicatedServer.D(DedicatedServer.java:423) ~[patched_1.12.2.jar:git-Paper-1620]
	at net.minecraft.server.v1_12_R1.MinecraftServer.C(MinecraftServer.java:774) ~[patched_1.12.2.jar:git-Paper-1620]
	at net.minecraft.server.v1_12_R1.MinecraftServer.run(MinecraftServer.java:666) ~[patched_1.12.2.jar:git-Paper-1620]
	at java.lang.Thread.run(Thread.java:1583) [?:?]
Caused by: java.lang.NullPointerException: Cannot invoke "String.equalsIgnoreCase(String)" because the return value of "org.bukkit.inventory.meta.ItemMeta.getLocalizedName()" is null
	at com.samleighton.xquiset.sethomes.eventListeners.EventListener.onPlayerInteractBlock(EventListener.java:28) ~[?:?]
	at com.destroystokyo.paper.event.executor.asm.generated.GeneratedEventExecutor78.execute(Unknown Source) ~[?:?]
	at org.bukkit.plugin.EventExecutor$2.execute(EventExecutor.java:70) ~[patched_1.12.2.jar:git-Paper-1620]
	... 18 more
[05:05:26] [Server thread/ERROR]: Could not pass event PlayerInteractEvent to SetHomes v1.3.0
org.bukkit.event.EventException: null
	at org.bukkit.plugin.EventExecutor$2.execute(EventExecutor.java:72) ~[patched_1.12.2.jar:git-Paper-1620]
	at co.aikar.timings.TimedEventExecutor.execute(TimedEventExecutor.java:78) ~[patched_1.12.2.jar:git-Paper-1620]
	at org.bukkit.plugin.RegisteredListener.callEvent(RegisteredListener.java:62) ~[patched_1.12.2.jar:git-Paper-1620]
	at org.bukkit.plugin.SimplePluginManager.callEvent(SimplePluginManager.java:513) ~[patched_1.12.2.jar:git-Paper-1620]
	at org.bukkit.craftbukkit.v1_12_R1.event.CraftEventFactory.callPlayerInteractEvent(CraftEventFactory.java:236) ~[patched_1.12.2.jar:git-Paper-1620]
	at org.bukkit.craftbukkit.v1_12_R1.event.CraftEventFactory.callPlayerInteractEvent(CraftEventFactory.java:203) ~[patched_1.12.2.jar:git-Paper-1620]
	at org.bukkit.craftbukkit.v1_12_R1.event.CraftEventFactory.callPlayerInteractEvent(CraftEventFactory.java:199) ~[patched_1.12.2.jar:git-Paper-1620]
	at net.minecraft.server.v1_12_R1.PlayerConnection.a(PlayerConnection.java:1530) ~[patched_1.12.2.jar:git-Paper-1620]
	at net.minecraft.server.v1_12_R1.PacketPlayInArmAnimation.a(PacketPlayInArmAnimation.java:24) ~[patched_1.12.2.jar:git-Paper-1620]
	at net.minecraft.server.v1_12_R1.PacketPlayInArmAnimation.a(PacketPlayInArmAnimation.java:5) ~[patched_1.12.2.jar:git-Paper-1620]
	at net.minecraft.server.v1_12_R1.PlayerConnectionUtils.lambda$ensureMainThread$0(PlayerConnectionUtils.java:14) ~[patched_1.12.2.jar:git-Paper-1620]
	at java.util.concurrent.Executors$RunnableAdapter.call(Executors.java:572) ~[?:?]
	at java.util.concurrent.FutureTask.run(FutureTask.java:317) ~[?:?]
	at net.minecraft.server.v1_12_R1.SystemUtils.a(SourceFile:46) ~[patched_1.12.2.jar:git-Paper-1620]
	at net.minecraft.server.v1_12_R1.MinecraftServer.D(MinecraftServer.java:850) ~[patched_1.12.2.jar:git-Paper-1620]
	at net.minecraft.server.v1_12_R1.DedicatedServer.D(DedicatedServer.java:423) ~[patched_1.12.2.jar:git-Paper-1620]
	at net.minecraft.server.v1_12_R1.MinecraftServer.C(MinecraftServer.java:774) ~[patched_1.12.2.jar:git-Paper-1620]
	at net.minecraft.server.v1_12_R1.MinecraftServer.run(MinecraftServer.java:666) ~[patched_1.12.2.jar:git-Paper-1620]
	at java.lang.Thread.run(Thread.java:1583) [?:?]
Caused by: java.lang.NullPointerException: Cannot invoke "String.equalsIgnoreCase(String)" because the return value of "org.bukkit.inventory.meta.ItemMeta.getLocalizedName()" is null
	at com.samleighton.xquiset.sethomes.eventListeners.EventListener.onPlayerInteractBlock(EventListener.java:28) ~[?:?]
	at com.destroystokyo.paper.event.executor.asm.generated.GeneratedEventExecutor78.execute(Unknown Source) ~[?:?]
	at org.bukkit.plugin.EventExecutor$2.execute(EventExecutor.java:70) ~[patched_1.12.2.jar:git-Paper-1620]
	... 18 more
[05:06:26] [Server thread/INFO]: naeem issued server command: /sk rtp.sk debug
[05:06:30] [Server thread/INFO]: naeem lost connection: Disconnected
[05:06:30] [Server thread/INFO]: naeem left the game
[05:06:38] [User Authenticator #2/INFO]: UUID of player naeem123 is a8d851a0-d2b0-32a4-80be-33b152c844cc
[05:06:38] [Server thread/INFO]: naeem123[/127.0.0.1:51696] logged in with entity id 100 at ([pvp]-112.81587570518285, 7.0, -1844.2467777911245)
[05:06:48] [Server thread/INFO]: naeem123 issued server command: /rtp
[05:06:48] [Server thread/INFO]: naeem123 [a8d851a0-d2b0-32a4-80be-33b152c844cc]: /rtp
[05:06:50] [Server thread/INFO]: naeem123 issued server command: /rtp
[05:06:50] [Server thread/INFO]: naeem123 [a8d851a0-d2b0-32a4-80be-33b152c844cc]: /rtp
[05:06:51] [Server thread/INFO]: naeem123 issued server command: /rtp
[05:06:51] [Server thread/INFO]: naeem123 [a8d851a0-d2b0-32a4-80be-33b152c844cc]: /rtp
[05:06:52] [Server thread/ERROR]: Could not pass event PlayerInteractEvent to SetHomes v1.3.0
org.bukkit.event.EventException: null
	at org.bukkit.plugin.EventExecutor$2.execute(EventExecutor.java:72) ~[patched_1.12.2.jar:git-Paper-1620]
	at co.aikar.timings.TimedEventExecutor.execute(TimedEventExecutor.java:78) ~[patched_1.12.2.jar:git-Paper-1620]
	at org.bukkit.plugin.RegisteredListener.callEvent(RegisteredListener.java:62) ~[patched_1.12.2.jar:git-Paper-1620]
	at org.bukkit.plugin.SimplePluginManager.callEvent(SimplePluginManager.java:513) ~[patched_1.12.2.jar:git-Paper-1620]
	at org.bukkit.craftbukkit.v1_12_R1.event.CraftEventFactory.callPlayerInteractEvent(CraftEventFactory.java:236) ~[patched_1.12.2.jar:git-Paper-1620]
	at org.bukkit.craftbukkit.v1_12_R1.event.CraftEventFactory.callPlayerInteractEvent(CraftEventFactory.java:203) ~[patched_1.12.2.jar:git-Paper-1620]
	at org.bukkit.craftbukkit.v1_12_R1.event.CraftEventFactory.callPlayerInteractEvent(CraftEventFactory.java:199) ~[patched_1.12.2.jar:git-Paper-1620]
	at net.minecraft.server.v1_12_R1.PlayerConnection.a(PlayerConnection.java:1530) ~[patched_1.12.2.jar:git-Paper-1620]
	at net.minecraft.server.v1_12_R1.PacketPlayInArmAnimation.a(PacketPlayInArmAnimation.java:24) ~[patched_1.12.2.jar:git-Paper-1620]
	at net.minecraft.server.v1_12_R1.PacketPlayInArmAnimation.a(PacketPlayInArmAnimation.java:5) ~[patched_1.12.2.jar:git-Paper-1620]
	at net.minecraft.server.v1_12_R1.PlayerConnectionUtils.lambda$ensureMainThread$0(PlayerConnectionUtils.java:14) ~[patched_1.12.2.jar:git-Paper-1620]
	at java.util.concurrent.Executors$RunnableAdapter.call(Executors.java:572) ~[?:?]
	at java.util.concurrent.FutureTask.run(FutureTask.java:317) ~[?:?]
	at net.minecraft.server.v1_12_R1.SystemUtils.a(SourceFile:46) ~[patched_1.12.2.jar:git-Paper-1620]
	at net.minecraft.server.v1_12_R1.MinecraftServer.D(MinecraftServer.java:850) ~[patched_1.12.2.jar:git-Paper-1620]
	at net.minecraft.server.v1_12_R1.DedicatedServer.D(DedicatedServer.java:423) ~[patched_1.12.2.jar:git-Paper-1620]
	at net.minecraft.server.v1_12_R1.MinecraftServer.C(MinecraftServer.java:774) ~[patched_1.12.2.jar:git-Paper-1620]
	at net.minecraft.server.v1_12_R1.MinecraftServer.run(MinecraftServer.java:666) ~[patched_1.12.2.jar:git-Paper-1620]
	at java.lang.Thread.run(Thread.java:1583) [?:?]
Caused by: java.lang.NullPointerException: Cannot invoke "String.equalsIgnoreCase(String)" because the return value of "org.bukkit.inventory.meta.ItemMeta.getLocalizedName()" is null
	at com.samleighton.xquiset.sethomes.eventListeners.EventListener.onPlayerInteractBlock(EventListener.java:28) ~[?:?]
	at com.destroystokyo.paper.event.executor.asm.generated.GeneratedEventExecutor78.execute(Unknown Source) ~[?:?]
	at org.bukkit.plugin.EventExecutor$2.execute(EventExecutor.java:70) ~[patched_1.12.2.jar:git-Paper-1620]
	... 18 more
[05:06:57] [Server thread/INFO]: naeem123 issued server command: /spawn
[05:06:59] [Server thread/ERROR]: Could not pass event PlayerInteractEvent to SetHomes v1.3.0
org.bukkit.event.EventException: null
	at org.bukkit.plugin.EventExecutor$2.execute(EventExecutor.java:72) ~[patched_1.12.2.jar:git-Paper-1620]
	at co.aikar.timings.TimedEventExecutor.execute(TimedEventExecutor.java:78) ~[patched_1.12.2.jar:git-Paper-1620]
	at org.bukkit.plugin.RegisteredListener.callEvent(RegisteredListener.java:62) ~[patched_1.12.2.jar:git-Paper-1620]
	at org.bukkit.plugin.SimplePluginManager.callEvent(SimplePluginManager.java:513) ~[patched_1.12.2.jar:git-Paper-1620]
	at org.bukkit.craftbukkit.v1_12_R1.event.CraftEventFactory.callPlayerInteractEvent(CraftEventFactory.java:236) ~[patched_1.12.2.jar:git-Paper-1620]
	at org.bukkit.craftbukkit.v1_12_R1.event.CraftEventFactory.callPlayerInteractEvent(CraftEventFactory.java:203) ~[patched_1.12.2.jar:git-Paper-1620]
	at org.bukkit.craftbukkit.v1_12_R1.event.CraftEventFactory.callPlayerInteractEvent(CraftEventFactory.java:199) ~[patched_1.12.2.jar:git-Paper-1620]
	at net.minecraft.server.v1_12_R1.PlayerConnection.a(PlayerConnection.java:1530) ~[patched_1.12.2.jar:git-Paper-1620]
	at net.minecraft.server.v1_12_R1.PacketPlayInArmAnimation.a(PacketPlayInArmAnimation.java:24) ~[patched_1.12.2.jar:git-Paper-1620]
	at net.minecraft.server.v1_12_R1.PacketPlayInArmAnimation.a(PacketPlayInArmAnimation.java:5) ~[patched_1.12.2.jar:git-Paper-1620]
	at net.minecraft.server.v1_12_R1.PlayerConnectionUtils.lambda$ensureMainThread$0(PlayerConnectionUtils.java:14) ~[patched_1.12.2.jar:git-Paper-1620]
	at java.util.concurrent.Executors$RunnableAdapter.call(Executors.java:572) ~[?:?]
	at java.util.concurrent.FutureTask.run(FutureTask.java:317) ~[?:?]
	at net.minecraft.server.v1_12_R1.SystemUtils.a(SourceFile:46) ~[patched_1.12.2.jar:git-Paper-1620]
	at net.minecraft.server.v1_12_R1.MinecraftServer.D(MinecraftServer.java:850) ~[patched_1.12.2.jar:git-Paper-1620]
	at net.minecraft.server.v1_12_R1.DedicatedServer.D(DedicatedServer.java:423) ~[patched_1.12.2.jar:git-Paper-1620]
	at net.minecraft.server.v1_12_R1.MinecraftServer.C(MinecraftServer.java:774) ~[patched_1.12.2.jar:git-Paper-1620]
	at net.minecraft.server.v1_12_R1.MinecraftServer.run(MinecraftServer.java:666) ~[patched_1.12.2.jar:git-Paper-1620]
	at java.lang.Thread.run(Thread.java:1583) [?:?]
Caused by: java.lang.NullPointerException: Cannot invoke "String.equalsIgnoreCase(String)" because the return value of "org.bukkit.inventory.meta.ItemMeta.getLocalizedName()" is null
	at com.samleighton.xquiset.sethomes.eventListeners.EventListener.onPlayerInteractBlock(EventListener.java:28) ~[?:?]
	at com.destroystokyo.paper.event.executor.asm.generated.GeneratedEventExecutor78.execute(Unknown Source) ~[?:?]
	at org.bukkit.plugin.EventExecutor$2.execute(EventExecutor.java:70) ~[patched_1.12.2.jar:git-Paper-1620]
	... 18 more
[05:06:59] [Server thread/ERROR]: Could not pass event PlayerInteractEvent to SetHomes v1.3.0
org.bukkit.event.EventException: null
	at org.bukkit.plugin.EventExecutor$2.execute(EventExecutor.java:72) ~[patched_1.12.2.jar:git-Paper-1620]
	at co.aikar.timings.TimedEventExecutor.execute(TimedEventExecutor.java:78) ~[patched_1.12.2.jar:git-Paper-1620]
	at org.bukkit.plugin.RegisteredListener.callEvent(RegisteredListener.java:62) ~[patched_1.12.2.jar:git-Paper-1620]
	at org.bukkit.plugin.SimplePluginManager.callEvent(SimplePluginManager.java:513) ~[patched_1.12.2.jar:git-Paper-1620]
	at org.bukkit.craftbukkit.v1_12_R1.event.CraftEventFactory.callPlayerInteractEvent(CraftEventFactory.java:236) ~[patched_1.12.2.jar:git-Paper-1620]
	at org.bukkit.craftbukkit.v1_12_R1.event.CraftEventFactory.callPlayerInteractEvent(CraftEventFactory.java:203) ~[patched_1.12.2.jar:git-Paper-1620]
	at org.bukkit.craftbukkit.v1_12_R1.event.CraftEventFactory.callPlayerInteractEvent(CraftEventFactory.java:199) ~[patched_1.12.2.jar:git-Paper-1620]
	at net.minecraft.server.v1_12_R1.PlayerConnection.a(PlayerConnection.java:1530) ~[patched_1.12.2.jar:git-Paper-1620]
	at net.minecraft.server.v1_12_R1.PacketPlayInArmAnimation.a(PacketPlayInArmAnimation.java:24) ~[patched_1.12.2.jar:git-Paper-1620]
	at net.minecraft.server.v1_12_R1.PacketPlayInArmAnimation.a(PacketPlayInArmAnimation.java:5) ~[patched_1.12.2.jar:git-Paper-1620]
	at net.minecraft.server.v1_12_R1.PlayerConnectionUtils.lambda$ensureMainThread$0(PlayerConnectionUtils.java:14) ~[patched_1.12.2.jar:git-Paper-1620]
	at java.util.concurrent.Executors$RunnableAdapter.call(Executors.java:572) ~[?:?]
	at java.util.concurrent.FutureTask.run(FutureTask.java:317) ~[?:?]
	at net.minecraft.server.v1_12_R1.SystemUtils.a(SourceFile:46) ~[patched_1.12.2.jar:git-Paper-1620]
	at net.minecraft.server.v1_12_R1.MinecraftServer.D(MinecraftServer.java:850) ~[patched_1.12.2.jar:git-Paper-1620]
	at net.minecraft.server.v1_12_R1.DedicatedServer.D(DedicatedServer.java:423) ~[patched_1.12.2.jar:git-Paper-1620]
	at net.minecraft.server.v1_12_R1.MinecraftServer.C(MinecraftServer.java:774) ~[patched_1.12.2.jar:git-Paper-1620]
	at net.minecraft.server.v1_12_R1.MinecraftServer.run(MinecraftServer.java:666) ~[patched_1.12.2.jar:git-Paper-1620]
	at java.lang.Thread.run(Thread.java:1583) [?:?]
Caused by: java.lang.NullPointerException: Cannot invoke "String.equalsIgnoreCase(String)" because the return value of "org.bukkit.inventory.meta.ItemMeta.getLocalizedName()" is null
	at com.samleighton.xquiset.sethomes.eventListeners.EventListener.onPlayerInteractBlock(EventListener.java:28) ~[?:?]
	at com.destroystokyo.paper.event.executor.asm.generated.GeneratedEventExecutor78.execute(Unknown Source) ~[?:?]
	at org.bukkit.plugin.EventExecutor$2.execute(EventExecutor.java:70) ~[patched_1.12.2.jar:git-Paper-1620]
	... 18 more
[05:06:59] [Server thread/ERROR]: Could not pass event PlayerInteractEvent to SetHomes v1.3.0
org.bukkit.event.EventException: null
	at org.bukkit.plugin.EventExecutor$2.execute(EventExecutor.java:72) ~[patched_1.12.2.jar:git-Paper-1620]
	at co.aikar.timings.TimedEventExecutor.execute(TimedEventExecutor.java:78) ~[patched_1.12.2.jar:git-Paper-1620]
	at org.bukkit.plugin.RegisteredListener.callEvent(RegisteredListener.java:62) ~[patched_1.12.2.jar:git-Paper-1620]
	at org.bukkit.plugin.SimplePluginManager.callEvent(SimplePluginManager.java:513) ~[patched_1.12.2.jar:git-Paper-1620]
	at org.bukkit.craftbukkit.v1_12_R1.event.CraftEventFactory.callPlayerInteractEvent(CraftEventFactory.java:236) ~[patched_1.12.2.jar:git-Paper-1620]
	at org.bukkit.craftbukkit.v1_12_R1.event.CraftEventFactory.callPlayerInteractEvent(CraftEventFactory.java:203) ~[patched_1.12.2.jar:git-Paper-1620]
	at org.bukkit.craftbukkit.v1_12_R1.event.CraftEventFactory.callPlayerInteractEvent(CraftEventFactory.java:199) ~[patched_1.12.2.jar:git-Paper-1620]
	at net.minecraft.server.v1_12_R1.PlayerConnection.a(PlayerConnection.java:1530) ~[patched_1.12.2.jar:git-Paper-1620]
	at net.minecraft.server.v1_12_R1.PacketPlayInArmAnimation.a(PacketPlayInArmAnimation.java:24) ~[patched_1.12.2.jar:git-Paper-1620]
	at net.minecraft.server.v1_12_R1.PacketPlayInArmAnimation.a(PacketPlayInArmAnimation.java:5) ~[patched_1.12.2.jar:git-Paper-1620]
	at net.minecraft.server.v1_12_R1.PlayerConnectionUtils.lambda$ensureMainThread$0(PlayerConnectionUtils.java:14) ~[patched_1.12.2.jar:git-Paper-1620]
	at java.util.concurrent.Executors$RunnableAdapter.call(Executors.java:572) ~[?:?]
	at java.util.concurrent.FutureTask.run(FutureTask.java:317) ~[?:?]
	at net.minecraft.server.v1_12_R1.SystemUtils.a(SourceFile:46) ~[patched_1.12.2.jar:git-Paper-1620]
	at net.minecraft.server.v1_12_R1.MinecraftServer.D(MinecraftServer.java:850) ~[patched_1.12.2.jar:git-Paper-1620]
	at net.minecraft.server.v1_12_R1.DedicatedServer.D(DedicatedServer.java:423) ~[patched_1.12.2.jar:git-Paper-1620]
	at net.minecraft.server.v1_12_R1.MinecraftServer.C(MinecraftServer.java:774) ~[patched_1.12.2.jar:git-Paper-1620]
	at net.minecraft.server.v1_12_R1.MinecraftServer.run(MinecraftServer.java:666) ~[patched_1.12.2.jar:git-Paper-1620]
	at java.lang.Thread.run(Thread.java:1583) [?:?]
Caused by: java.lang.NullPointerException: Cannot invoke "String.equalsIgnoreCase(String)" because the return value of "org.bukkit.inventory.meta.ItemMeta.getLocalizedName()" is null
	at com.samleighton.xquiset.sethomes.eventListeners.EventListener.onPlayerInteractBlock(EventListener.java:28) ~[?:?]
	at com.destroystokyo.paper.event.executor.asm.generated.GeneratedEventExecutor78.execute(Unknown Source) ~[?:?]
	at org.bukkit.plugin.EventExecutor$2.execute(EventExecutor.java:70) ~[patched_1.12.2.jar:git-Paper-1620]
	... 18 more
[05:07:00] [Server thread/ERROR]: Could not pass event PlayerInteractEvent to SetHomes v1.3.0
org.bukkit.event.EventException: null
	at org.bukkit.plugin.EventExecutor$2.execute(EventExecutor.java:72) ~[patched_1.12.2.jar:git-Paper-1620]
	at co.aikar.timings.TimedEventExecutor.execute(TimedEventExecutor.java:78) ~[patched_1.12.2.jar:git-Paper-1620]
	at org.bukkit.plugin.RegisteredListener.callEvent(RegisteredListener.java:62) ~[patched_1.12.2.jar:git-Paper-1620]
	at org.bukkit.plugin.SimplePluginManager.callEvent(SimplePluginManager.java:513) ~[patched_1.12.2.jar:git-Paper-1620]
	at org.bukkit.craftbukkit.v1_12_R1.event.CraftEventFactory.callPlayerInteractEvent(CraftEventFactory.java:236) ~[patched_1.12.2.jar:git-Paper-1620]
	at org.bukkit.craftbukkit.v1_12_R1.event.CraftEventFactory.callPlayerInteractEvent(CraftEventFactory.java:203) ~[patched_1.12.2.jar:git-Paper-1620]
	at org.bukkit.craftbukkit.v1_12_R1.event.CraftEventFactory.callPlayerInteractEvent(CraftEventFactory.java:199) ~[patched_1.12.2.jar:git-Paper-1620]
	at net.minecraft.server.v1_12_R1.PlayerConnection.a(PlayerConnection.java:1530) ~[patched_1.12.2.jar:git-Paper-1620]
	at net.minecraft.server.v1_12_R1.PacketPlayInArmAnimation.a(PacketPlayInArmAnimation.java:24) ~[patched_1.12.2.jar:git-Paper-1620]
	at net.minecraft.server.v1_12_R1.PacketPlayInArmAnimation.a(PacketPlayInArmAnimation.java:5) ~[patched_1.12.2.jar:git-Paper-1620]
	at net.minecraft.server.v1_12_R1.PlayerConnectionUtils.lambda$ensureMainThread$0(PlayerConnectionUtils.java:14) ~[patched_1.12.2.jar:git-Paper-1620]
	at java.util.concurrent.Executors$RunnableAdapter.call(Executors.java:572) ~[?:?]
	at java.util.concurrent.FutureTask.run(FutureTask.java:317) ~[?:?]
	at net.minecraft.server.v1_12_R1.SystemUtils.a(SourceFile:46) ~[patched_1.12.2.jar:git-Paper-1620]
	at net.minecraft.server.v1_12_R1.MinecraftServer.D(MinecraftServer.java:850) ~[patched_1.12.2.jar:git-Paper-1620]
	at net.minecraft.server.v1_12_R1.DedicatedServer.D(DedicatedServer.java:423) ~[patched_1.12.2.jar:git-Paper-1620]
	at net.minecraft.server.v1_12_R1.MinecraftServer.C(MinecraftServer.java:774) ~[patched_1.12.2.jar:git-Paper-1620]
	at net.minecraft.server.v1_12_R1.MinecraftServer.run(MinecraftServer.java:666) ~[patched_1.12.2.jar:git-Paper-1620]
	at java.lang.Thread.run(Thread.java:1583) [?:?]
Caused by: java.lang.NullPointerException: Cannot invoke "String.equalsIgnoreCase(String)" because the return value of "org.bukkit.inventory.meta.ItemMeta.getLocalizedName()" is null
	at com.samleighton.xquiset.sethomes.eventListeners.EventListener.onPlayerInteractBlock(EventListener.java:28) ~[?:?]
	at com.destroystokyo.paper.event.executor.asm.generated.GeneratedEventExecutor78.execute(Unknown Source) ~[?:?]
	at org.bukkit.plugin.EventExecutor$2.execute(EventExecutor.java:70) ~[patched_1.12.2.jar:git-Paper-1620]
	... 18 more
[05:07:00] [Server thread/ERROR]: Could not pass event PlayerInteractEvent to SetHomes v1.3.0
org.bukkit.event.EventException: null
	at org.bukkit.plugin.EventExecutor$2.execute(EventExecutor.java:72) ~[patched_1.12.2.jar:git-Paper-1620]
	at co.aikar.timings.TimedEventExecutor.execute(TimedEventExecutor.java:78) ~[patched_1.12.2.jar:git-Paper-1620]
	at org.bukkit.plugin.RegisteredListener.callEvent(RegisteredListener.java:62) ~[patched_1.12.2.jar:git-Paper-1620]
	at org.bukkit.plugin.SimplePluginManager.callEvent(SimplePluginManager.java:513) ~[patched_1.12.2.jar:git-Paper-1620]
	at org.bukkit.craftbukkit.v1_12_R1.event.CraftEventFactory.callPlayerInteractEvent(CraftEventFactory.java:236) ~[patched_1.12.2.jar:git-Paper-1620]
	at org.bukkit.craftbukkit.v1_12_R1.event.CraftEventFactory.callPlayerInteractEvent(CraftEventFactory.java:203) ~[patched_1.12.2.jar:git-Paper-1620]
	at org.bukkit.craftbukkit.v1_12_R1.event.CraftEventFactory.callPlayerInteractEvent(CraftEventFactory.java:199) ~[patched_1.12.2.jar:git-Paper-1620]
	at net.minecraft.server.v1_12_R1.PlayerConnection.a(PlayerConnection.java:1530) ~[patched_1.12.2.jar:git-Paper-1620]
	at net.minecraft.server.v1_12_R1.PacketPlayInArmAnimation.a(PacketPlayInArmAnimation.java:24) ~[patched_1.12.2.jar:git-Paper-1620]
	at net.minecraft.server.v1_12_R1.PacketPlayInArmAnimation.a(PacketPlayInArmAnimation.java:5) ~[patched_1.12.2.jar:git-Paper-1620]
	at net.minecraft.server.v1_12_R1.PlayerConnectionUtils.lambda$ensureMainThread$0(PlayerConnectionUtils.java:14) ~[patched_1.12.2.jar:git-Paper-1620]
	at java.util.concurrent.Executors$RunnableAdapter.call(Executors.java:572) ~[?:?]
	at java.util.concurrent.FutureTask.run(FutureTask.java:317) ~[?:?]
	at net.minecraft.server.v1_12_R1.SystemUtils.a(SourceFile:46) ~[patched_1.12.2.jar:git-Paper-1620]
	at net.minecraft.server.v1_12_R1.MinecraftServer.D(MinecraftServer.java:850) ~[patched_1.12.2.jar:git-Paper-1620]
	at net.minecraft.server.v1_12_R1.DedicatedServer.D(DedicatedServer.java:423) ~[patched_1.12.2.jar:git-Paper-1620]
	at net.minecraft.server.v1_12_R1.MinecraftServer.C(MinecraftServer.java:774) ~[patched_1.12.2.jar:git-Paper-1620]
	at net.minecraft.server.v1_12_R1.MinecraftServer.run(MinecraftServer.java:666) ~[patched_1.12.2.jar:git-Paper-1620]
	at java.lang.Thread.run(Thread.java:1583) [?:?]
Caused by: java.lang.NullPointerException: Cannot invoke "String.equalsIgnoreCase(String)" because the return value of "org.bukkit.inventory.meta.ItemMeta.getLocalizedName()" is null
	at com.samleighton.xquiset.sethomes.eventListeners.EventListener.onPlayerInteractBlock(EventListener.java:28) ~[?:?]
	at com.destroystokyo.paper.event.executor.asm.generated.GeneratedEventExecutor78.execute(Unknown Source) ~[?:?]
	at org.bukkit.plugin.EventExecutor$2.execute(EventExecutor.java:70) ~[patched_1.12.2.jar:git-Paper-1620]
	... 18 more
[05:07:11] [Server thread/INFO]: naeem123 issued server command: /rtp
[05:07:11] [Server thread/INFO]: naeem123 [a8d851a0-d2b0-32a4-80be-33b152c844cc]: /rtp
[05:08:48] [Server thread/ERROR]: Could not pass event PlayerInteractEvent to SetHomes v1.3.0
org.bukkit.event.EventException: null
	at org.bukkit.plugin.EventExecutor$2.execute(EventExecutor.java:72) ~[patched_1.12.2.jar:git-Paper-1620]
	at co.aikar.timings.TimedEventExecutor.execute(TimedEventExecutor.java:78) ~[patched_1.12.2.jar:git-Paper-1620]
	at org.bukkit.plugin.RegisteredListener.callEvent(RegisteredListener.java:62) ~[patched_1.12.2.jar:git-Paper-1620]
	at org.bukkit.plugin.SimplePluginManager.callEvent(SimplePluginManager.java:513) ~[patched_1.12.2.jar:git-Paper-1620]
	at org.bukkit.craftbukkit.v1_12_R1.event.CraftEventFactory.callPlayerInteractEvent(CraftEventFactory.java:236) ~[patched_1.12.2.jar:git-Paper-1620]
	at org.bukkit.craftbukkit.v1_12_R1.event.CraftEventFactory.callPlayerInteractEvent(CraftEventFactory.java:203) ~[patched_1.12.2.jar:git-Paper-1620]
	at org.bukkit.craftbukkit.v1_12_R1.event.CraftEventFactory.callPlayerInteractEvent(CraftEventFactory.java:199) ~[patched_1.12.2.jar:git-Paper-1620]
	at net.minecraft.server.v1_12_R1.PlayerConnection.a(PlayerConnection.java:1049) ~[patched_1.12.2.jar:git-Paper-1620]
	at net.minecraft.server.v1_12_R1.PacketPlayInBlockPlace.a(PacketPlayInBlockPlace.java:26) ~[patched_1.12.2.jar:git-Paper-1620]
	at net.minecraft.server.v1_12_R1.PacketPlayInBlockPlace.a(PacketPlayInBlockPlace.java:5) ~[patched_1.12.2.jar:git-Paper-1620]
	at net.minecraft.server.v1_12_R1.PlayerConnectionUtils.lambda$ensureMainThread$0(PlayerConnectionUtils.java:14) ~[patched_1.12.2.jar:git-Paper-1620]
	at java.util.concurrent.Executors$RunnableAdapter.call(Executors.java:572) ~[?:?]
	at java.util.concurrent.FutureTask.run(FutureTask.java:317) ~[?:?]
	at net.minecraft.server.v1_12_R1.SystemUtils.a(SourceFile:46) ~[patched_1.12.2.jar:git-Paper-1620]
	at net.minecraft.server.v1_12_R1.MinecraftServer.D(MinecraftServer.java:850) ~[patched_1.12.2.jar:git-Paper-1620]
	at net.minecraft.server.v1_12_R1.DedicatedServer.D(DedicatedServer.java:423) ~[patched_1.12.2.jar:git-Paper-1620]
	at net.minecraft.server.v1_12_R1.MinecraftServer.C(MinecraftServer.java:774) ~[patched_1.12.2.jar:git-Paper-1620]
	at net.minecraft.server.v1_12_R1.MinecraftServer.run(MinecraftServer.java:666) ~[patched_1.12.2.jar:git-Paper-1620]
	at java.lang.Thread.run(Thread.java:1583) [?:?]
Caused by: java.lang.NullPointerException: Cannot invoke "String.equalsIgnoreCase(String)" because the return value of "org.bukkit.inventory.meta.ItemMeta.getLocalizedName()" is null
	at com.samleighton.xquiset.sethomes.eventListeners.EventListener.onPlayerInteractBlock(EventListener.java:28) ~[?:?]
	at com.destroystokyo.paper.event.executor.asm.generated.GeneratedEventExecutor78.execute(Unknown Source) ~[?:?]
	at org.bukkit.plugin.EventExecutor$2.execute(EventExecutor.java:70) ~[patched_1.12.2.jar:git-Paper-1620]
	... 18 more
[05:08:50] [Server thread/ERROR]: Could not pass event PlayerInteractEvent to SetHomes v1.3.0
org.bukkit.event.EventException: null
	at org.bukkit.plugin.EventExecutor$2.execute(EventExecutor.java:72) ~[patched_1.12.2.jar:git-Paper-1620]
	at co.aikar.timings.TimedEventExecutor.execute(TimedEventExecutor.java:78) ~[patched_1.12.2.jar:git-Paper-1620]
	at org.bukkit.plugin.RegisteredListener.callEvent(RegisteredListener.java:62) ~[patched_1.12.2.jar:git-Paper-1620]
	at org.bukkit.plugin.SimplePluginManager.callEvent(SimplePluginManager.java:513) ~[patched_1.12.2.jar:git-Paper-1620]
	at org.bukkit.craftbukkit.v1_12_R1.event.CraftEventFactory.callPlayerInteractEvent(CraftEventFactory.java:236) ~[patched_1.12.2.jar:git-Paper-1620]
	at org.bukkit.craftbukkit.v1_12_R1.event.CraftEventFactory.callPlayerInteractEvent(CraftEventFactory.java:203) ~[patched_1.12.2.jar:git-Paper-1620]
	at org.bukkit.craftbukkit.v1_12_R1.event.CraftEventFactory.callPlayerInteractEvent(CraftEventFactory.java:199) ~[patched_1.12.2.jar:git-Paper-1620]
	at net.minecraft.server.v1_12_R1.PlayerConnection.a(PlayerConnection.java:1049) ~[patched_1.12.2.jar:git-Paper-1620]
	at net.minecraft.server.v1_12_R1.PacketPlayInBlockPlace.a(PacketPlayInBlockPlace.java:26) ~[patched_1.12.2.jar:git-Paper-1620]
	at net.minecraft.server.v1_12_R1.PacketPlayInBlockPlace.a(PacketPlayInBlockPlace.java:5) ~[patched_1.12.2.jar:git-Paper-1620]
	at net.minecraft.server.v1_12_R1.PlayerConnectionUtils.lambda$ensureMainThread$0(PlayerConnectionUtils.java:14) ~[patched_1.12.2.jar:git-Paper-1620]
	at java.util.concurrent.Executors$RunnableAdapter.call(Executors.java:572) ~[?:?]
	at java.util.concurrent.FutureTask.run(FutureTask.java:317) ~[?:?]
	at net.minecraft.server.v1_12_R1.SystemUtils.a(SourceFile:46) ~[patched_1.12.2.jar:git-Paper-1620]
	at net.minecraft.server.v1_12_R1.MinecraftServer.D(MinecraftServer.java:850) ~[patched_1.12.2.jar:git-Paper-1620]
	at net.minecraft.server.v1_12_R1.DedicatedServer.D(DedicatedServer.java:423) ~[patched_1.12.2.jar:git-Paper-1620]
	at net.minecraft.server.v1_12_R1.MinecraftServer.C(MinecraftServer.java:774) ~[patched_1.12.2.jar:git-Paper-1620]
	at net.minecraft.server.v1_12_R1.MinecraftServer.run(MinecraftServer.java:666) ~[patched_1.12.2.jar:git-Paper-1620]
	at java.lang.Thread.run(Thread.java:1583) [?:?]
Caused by: java.lang.NullPointerException: Cannot invoke "String.equalsIgnoreCase(String)" because the return value of "org.bukkit.inventory.meta.ItemMeta.getLocalizedName()" is null
	at com.samleighton.xquiset.sethomes.eventListeners.EventListener.onPlayerInteractBlock(EventListener.java:28) ~[?:?]
	at com.destroystokyo.paper.event.executor.asm.generated.GeneratedEventExecutor78.execute(Unknown Source) ~[?:?]
	at org.bukkit.plugin.EventExecutor$2.execute(EventExecutor.java:70) ~[patched_1.12.2.jar:git-Paper-1620]
	... 18 more
[05:08:50] [Server thread/ERROR]: Could not pass event PlayerInteractEvent to SetHomes v1.3.0
org.bukkit.event.EventException: null
	at org.bukkit.plugin.EventExecutor$2.execute(EventExecutor.java:72) ~[patched_1.12.2.jar:git-Paper-1620]
	at co.aikar.timings.TimedEventExecutor.execute(TimedEventExecutor.java:78) ~[patched_1.12.2.jar:git-Paper-1620]
	at org.bukkit.plugin.RegisteredListener.callEvent(RegisteredListener.java:62) ~[patched_1.12.2.jar:git-Paper-1620]
	at org.bukkit.plugin.SimplePluginManager.callEvent(SimplePluginManager.java:513) ~[patched_1.12.2.jar:git-Paper-1620]
	at org.bukkit.craftbukkit.v1_12_R1.event.CraftEventFactory.callPlayerInteractEvent(CraftEventFactory.java:236) ~[patched_1.12.2.jar:git-Paper-1620]
	at org.bukkit.craftbukkit.v1_12_R1.event.CraftEventFactory.callPlayerInteractEvent(CraftEventFactory.java:203) ~[patched_1.12.2.jar:git-Paper-1620]
	at org.bukkit.craftbukkit.v1_12_R1.event.CraftEventFactory.callPlayerInteractEvent(CraftEventFactory.java:199) ~[patched_1.12.2.jar:git-Paper-1620]
	at net.minecraft.server.v1_12_R1.PlayerConnection.a(PlayerConnection.java:1049) ~[patched_1.12.2.jar:git-Paper-1620]
	at net.minecraft.server.v1_12_R1.PacketPlayInBlockPlace.a(PacketPlayInBlockPlace.java:26) ~[patched_1.12.2.jar:git-Paper-1620]
	at net.minecraft.server.v1_12_R1.PacketPlayInBlockPlace.a(PacketPlayInBlockPlace.java:5) ~[patched_1.12.2.jar:git-Paper-1620]
	at net.minecraft.server.v1_12_R1.PlayerConnectionUtils.lambda$ensureMainThread$0(PlayerConnectionUtils.java:14) ~[patched_1.12.2.jar:git-Paper-1620]
	at java.util.concurrent.Executors$RunnableAdapter.call(Executors.java:572) ~[?:?]
	at java.util.concurrent.FutureTask.run(FutureTask.java:317) ~[?:?]
	at net.minecraft.server.v1_12_R1.SystemUtils.a(SourceFile:46) ~[patched_1.12.2.jar:git-Paper-1620]
	at net.minecraft.server.v1_12_R1.MinecraftServer.D(MinecraftServer.java:850) ~[patched_1.12.2.jar:git-Paper-1620]
	at net.minecraft.server.v1_12_R1.DedicatedServer.D(DedicatedServer.java:423) ~[patched_1.12.2.jar:git-Paper-1620]
	at net.minecraft.server.v1_12_R1.MinecraftServer.C(MinecraftServer.java:774) ~[patched_1.12.2.jar:git-Paper-1620]
	at net.minecraft.server.v1_12_R1.MinecraftServer.run(MinecraftServer.java:666) ~[patched_1.12.2.jar:git-Paper-1620]
	at java.lang.Thread.run(Thread.java:1583) [?:?]
Caused by: java.lang.NullPointerException: Cannot invoke "String.equalsIgnoreCase(String)" because the return value of "org.bukkit.inventory.meta.ItemMeta.getLocalizedName()" is null
	at com.samleighton.xquiset.sethomes.eventListeners.EventListener.onPlayerInteractBlock(EventListener.java:28) ~[?:?]
	at com.destroystokyo.paper.event.executor.asm.generated.GeneratedEventExecutor78.execute(Unknown Source) ~[?:?]
	at org.bukkit.plugin.EventExecutor$2.execute(EventExecutor.java:70) ~[patched_1.12.2.jar:git-Paper-1620]
	... 18 more
[05:08:52] [Server thread/ERROR]: Could not pass event PlayerInteractEvent to SetHomes v1.3.0
org.bukkit.event.EventException: null
	at org.bukkit.plugin.EventExecutor$2.execute(EventExecutor.java:72) ~[patched_1.12.2.jar:git-Paper-1620]
	at co.aikar.timings.TimedEventExecutor.execute(TimedEventExecutor.java:78) ~[patched_1.12.2.jar:git-Paper-1620]
	at org.bukkit.plugin.RegisteredListener.callEvent(RegisteredListener.java:62) ~[patched_1.12.2.jar:git-Paper-1620]
	at org.bukkit.plugin.SimplePluginManager.callEvent(SimplePluginManager.java:513) ~[patched_1.12.2.jar:git-Paper-1620]
	at org.bukkit.craftbukkit.v1_12_R1.event.CraftEventFactory.callPlayerInteractEvent(CraftEventFactory.java:236) ~[patched_1.12.2.jar:git-Paper-1620]
	at org.bukkit.craftbukkit.v1_12_R1.event.CraftEventFactory.callPlayerInteractEvent(CraftEventFactory.java:203) ~[patched_1.12.2.jar:git-Paper-1620]
	at org.bukkit.craftbukkit.v1_12_R1.event.CraftEventFactory.callPlayerInteractEvent(CraftEventFactory.java:199) ~[patched_1.12.2.jar:git-Paper-1620]
	at net.minecraft.server.v1_12_R1.PlayerConnection.a(PlayerConnection.java:1049) ~[patched_1.12.2.jar:git-Paper-1620]
	at net.minecraft.server.v1_12_R1.PacketPlayInBlockPlace.a(PacketPlayInBlockPlace.java:26) ~[patched_1.12.2.jar:git-Paper-1620]
	at net.minecraft.server.v1_12_R1.PacketPlayInBlockPlace.a(PacketPlayInBlockPlace.java:5) ~[patched_1.12.2.jar:git-Paper-1620]
	at net.minecraft.server.v1_12_R1.PlayerConnectionUtils.lambda$ensureMainThread$0(PlayerConnectionUtils.java:14) ~[patched_1.12.2.jar:git-Paper-1620]
	at java.util.concurrent.Executors$RunnableAdapter.call(Executors.java:572) ~[?:?]
	at java.util.concurrent.FutureTask.run(FutureTask.java:317) ~[?:?]
	at net.minecraft.server.v1_12_R1.SystemUtils.a(SourceFile:46) ~[patched_1.12.2.jar:git-Paper-1620]
	at net.minecraft.server.v1_12_R1.MinecraftServer.D(MinecraftServer.java:850) ~[patched_1.12.2.jar:git-Paper-1620]
	at net.minecraft.server.v1_12_R1.DedicatedServer.D(DedicatedServer.java:423) ~[patched_1.12.2.jar:git-Paper-1620]
	at net.minecraft.server.v1_12_R1.MinecraftServer.C(MinecraftServer.java:774) ~[patched_1.12.2.jar:git-Paper-1620]
	at net.minecraft.server.v1_12_R1.MinecraftServer.run(MinecraftServer.java:666) ~[patched_1.12.2.jar:git-Paper-1620]
	at java.lang.Thread.run(Thread.java:1583) [?:?]
Caused by: java.lang.NullPointerException: Cannot invoke "String.equalsIgnoreCase(String)" because the return value of "org.bukkit.inventory.meta.ItemMeta.getLocalizedName()" is null
	at com.samleighton.xquiset.sethomes.eventListeners.EventListener.onPlayerInteractBlock(EventListener.java:28) ~[?:?]
	at com.destroystokyo.paper.event.executor.asm.generated.GeneratedEventExecutor78.execute(Unknown Source) ~[?:?]
	at org.bukkit.plugin.EventExecutor$2.execute(EventExecutor.java:70) ~[patched_1.12.2.jar:git-Paper-1620]
	... 18 more
[05:08:52] [Server thread/ERROR]: Could not pass event PlayerInteractEvent to SetHomes v1.3.0
org.bukkit.event.EventException: null
	at org.bukkit.plugin.EventExecutor$2.execute(EventExecutor.java:72) ~[patched_1.12.2.jar:git-Paper-1620]
	at co.aikar.timings.TimedEventExecutor.execute(TimedEventExecutor.java:78) ~[patched_1.12.2.jar:git-Paper-1620]
	at org.bukkit.plugin.RegisteredListener.callEvent(RegisteredListener.java:62) ~[patched_1.12.2.jar:git-Paper-1620]
	at org.bukkit.plugin.SimplePluginManager.callEvent(SimplePluginManager.java:513) ~[patched_1.12.2.jar:git-Paper-1620]
	at org.bukkit.craftbukkit.v1_12_R1.event.CraftEventFactory.callPlayerInteractEvent(CraftEventFactory.java:236) ~[patched_1.12.2.jar:git-Paper-1620]
	at org.bukkit.craftbukkit.v1_12_R1.event.CraftEventFactory.callPlayerInteractEvent(CraftEventFactory.java:203) ~[patched_1.12.2.jar:git-Paper-1620]
	at org.bukkit.craftbukkit.v1_12_R1.event.CraftEventFactory.callPlayerInteractEvent(CraftEventFactory.java:199) ~[patched_1.12.2.jar:git-Paper-1620]
	at net.minecraft.server.v1_12_R1.PlayerConnection.a(PlayerConnection.java:1049) ~[patched_1.12.2.jar:git-Paper-1620]
	at net.minecraft.server.v1_12_R1.PacketPlayInBlockPlace.a(PacketPlayInBlockPlace.java:26) ~[patched_1.12.2.jar:git-Paper-1620]
	at net.minecraft.server.v1_12_R1.PacketPlayInBlockPlace.a(PacketPlayInBlockPlace.java:5) ~[patched_1.12.2.jar:git-Paper-1620]
	at net.minecraft.server.v1_12_R1.PlayerConnectionUtils.lambda$ensureMainThread$0(PlayerConnectionUtils.java:14) ~[patched_1.12.2.jar:git-Paper-1620]
	at java.util.concurrent.Executors$RunnableAdapter.call(Executors.java:572) ~[?:?]
	at java.util.concurrent.FutureTask.run(FutureTask.java:317) ~[?:?]
	at net.minecraft.server.v1_12_R1.SystemUtils.a(SourceFile:46) ~[patched_1.12.2.jar:git-Paper-1620]
	at net.minecraft.server.v1_12_R1.MinecraftServer.D(MinecraftServer.java:850) ~[patched_1.12.2.jar:git-Paper-1620]
	at net.minecraft.server.v1_12_R1.DedicatedServer.D(DedicatedServer.java:423) ~[patched_1.12.2.jar:git-Paper-1620]
	at net.minecraft.server.v1_12_R1.MinecraftServer.C(MinecraftServer.java:774) ~[patched_1.12.2.jar:git-Paper-1620]
	at net.minecraft.server.v1_12_R1.MinecraftServer.run(MinecraftServer.java:666) ~[patched_1.12.2.jar:git-Paper-1620]
	at java.lang.Thread.run(Thread.java:1583) [?:?]
Caused by: java.lang.NullPointerException: Cannot invoke "String.equalsIgnoreCase(String)" because the return value of "org.bukkit.inventory.meta.ItemMeta.getLocalizedName()" is null
	at com.samleighton.xquiset.sethomes.eventListeners.EventListener.onPlayerInteractBlock(EventListener.java:28) ~[?:?]
	at com.destroystokyo.paper.event.executor.asm.generated.GeneratedEventExecutor78.execute(Unknown Source) ~[?:?]
	at org.bukkit.plugin.EventExecutor$2.execute(EventExecutor.java:70) ~[patched_1.12.2.jar:git-Paper-1620]
	... 18 more
[05:08:54] [Server thread/ERROR]: Could not pass event PlayerInteractEvent to SetHomes v1.3.0
org.bukkit.event.EventException: null
	at org.bukkit.plugin.EventExecutor$2.execute(EventExecutor.java:72) ~[patched_1.12.2.jar:git-Paper-1620]
	at co.aikar.timings.TimedEventExecutor.execute(TimedEventExecutor.java:78) ~[patched_1.12.2.jar:git-Paper-1620]
	at org.bukkit.plugin.RegisteredListener.callEvent(RegisteredListener.java:62) ~[patched_1.12.2.jar:git-Paper-1620]
	at org.bukkit.plugin.SimplePluginManager.callEvent(SimplePluginManager.java:513) ~[patched_1.12.2.jar:git-Paper-1620]
	at org.bukkit.craftbukkit.v1_12_R1.event.CraftEventFactory.callPlayerInteractEvent(CraftEventFactory.java:236) ~[patched_1.12.2.jar:git-Paper-1620]
	at org.bukkit.craftbukkit.v1_12_R1.event.CraftEventFactory.callPlayerInteractEvent(CraftEventFactory.java:203) ~[patched_1.12.2.jar:git-Paper-1620]
	at org.bukkit.craftbukkit.v1_12_R1.event.CraftEventFactory.callPlayerInteractEvent(CraftEventFactory.java:199) ~[patched_1.12.2.jar:git-Paper-1620]
	at net.minecraft.server.v1_12_R1.PlayerConnection.a(PlayerConnection.java:1049) ~[patched_1.12.2.jar:git-Paper-1620]
	at net.minecraft.server.v1_12_R1.PacketPlayInBlockPlace.a(PacketPlayInBlockPlace.java:26) ~[patched_1.12.2.jar:git-Paper-1620]
	at net.minecraft.server.v1_12_R1.PacketPlayInBlockPlace.a(PacketPlayInBlockPlace.java:5) ~[patched_1.12.2.jar:git-Paper-1620]
	at net.minecraft.server.v1_12_R1.PlayerConnectionUtils.lambda$ensureMainThread$0(PlayerConnectionUtils.java:14) ~[patched_1.12.2.jar:git-Paper-1620]
	at java.util.concurrent.Executors$RunnableAdapter.call(Executors.java:572) ~[?:?]
	at java.util.concurrent.FutureTask.run(FutureTask.java:317) ~[?:?]
	at net.minecraft.server.v1_12_R1.SystemUtils.a(SourceFile:46) ~[patched_1.12.2.jar:git-Paper-1620]
	at net.minecraft.server.v1_12_R1.MinecraftServer.D(MinecraftServer.java:850) ~[patched_1.12.2.jar:git-Paper-1620]
	at net.minecraft.server.v1_12_R1.DedicatedServer.D(DedicatedServer.java:423) ~[patched_1.12.2.jar:git-Paper-1620]
	at net.minecraft.server.v1_12_R1.MinecraftServer.C(MinecraftServer.java:774) ~[patched_1.12.2.jar:git-Paper-1620]
	at net.minecraft.server.v1_12_R1.MinecraftServer.run(MinecraftServer.java:666) ~[patched_1.12.2.jar:git-Paper-1620]
	at java.lang.Thread.run(Thread.java:1583) [?:?]
Caused by: java.lang.NullPointerException: Cannot invoke "String.equalsIgnoreCase(String)" because the return value of "org.bukkit.inventory.meta.ItemMeta.getLocalizedName()" is null
	at com.samleighton.xquiset.sethomes.eventListeners.EventListener.onPlayerInteractBlock(EventListener.java:28) ~[?:?]
	at com.destroystokyo.paper.event.executor.asm.generated.GeneratedEventExecutor78.execute(Unknown Source) ~[?:?]
	at org.bukkit.plugin.EventExecutor$2.execute(EventExecutor.java:70) ~[patched_1.12.2.jar:git-Paper-1620]
	... 18 more
[05:08:54] [Server thread/ERROR]: Could not pass event PlayerInteractEvent to SetHomes v1.3.0
org.bukkit.event.EventException: null
	at org.bukkit.plugin.EventExecutor$2.execute(EventExecutor.java:72) ~[patched_1.12.2.jar:git-Paper-1620]
	at co.aikar.timings.TimedEventExecutor.execute(TimedEventExecutor.java:78) ~[patched_1.12.2.jar:git-Paper-1620]
	at org.bukkit.plugin.RegisteredListener.callEvent(RegisteredListener.java:62) ~[patched_1.12.2.jar:git-Paper-1620]
	at org.bukkit.plugin.SimplePluginManager.callEvent(SimplePluginManager.java:513) ~[patched_1.12.2.jar:git-Paper-1620]
	at org.bukkit.craftbukkit.v1_12_R1.event.CraftEventFactory.callPlayerInteractEvent(CraftEventFactory.java:236) ~[patched_1.12.2.jar:git-Paper-1620]
	at org.bukkit.craftbukkit.v1_12_R1.event.CraftEventFactory.callPlayerInteractEvent(CraftEventFactory.java:203) ~[patched_1.12.2.jar:git-Paper-1620]
	at org.bukkit.craftbukkit.v1_12_R1.event.CraftEventFactory.callPlayerInteractEvent(CraftEventFactory.java:199) ~[patched_1.12.2.jar:git-Paper-1620]
	at net.minecraft.server.v1_12_R1.PlayerConnection.a(PlayerConnection.java:1049) ~[patched_1.12.2.jar:git-Paper-1620]
	at net.minecraft.server.v1_12_R1.PacketPlayInBlockPlace.a(PacketPlayInBlockPlace.java:26) ~[patched_1.12.2.jar:git-Paper-1620]
	at net.minecraft.server.v1_12_R1.PacketPlayInBlockPlace.a(PacketPlayInBlockPlace.java:5) ~[patched_1.12.2.jar:git-Paper-1620]
	at net.minecraft.server.v1_12_R1.PlayerConnectionUtils.lambda$ensureMainThread$0(PlayerConnectionUtils.java:14) ~[patched_1.12.2.jar:git-Paper-1620]
	at java.util.concurrent.Executors$RunnableAdapter.call(Executors.java:572) ~[?:?]
	at java.util.concurrent.FutureTask.run(FutureTask.java:317) ~[?:?]
	at net.minecraft.server.v1_12_R1.SystemUtils.a(SourceFile:46) ~[patched_1.12.2.jar:git-Paper-1620]
	at net.minecraft.server.v1_12_R1.MinecraftServer.D(MinecraftServer.java:850) ~[patched_1.12.2.jar:git-Paper-1620]
	at net.minecraft.server.v1_12_R1.DedicatedServer.D(DedicatedServer.java:423) ~[patched_1.12.2.jar:git-Paper-1620]
	at net.minecraft.server.v1_12_R1.MinecraftServer.C(MinecraftServer.java:774) ~[patched_1.12.2.jar:git-Paper-1620]
	at net.minecraft.server.v1_12_R1.MinecraftServer.run(MinecraftServer.java:666) ~[patched_1.12.2.jar:git-Paper-1620]
	at java.lang.Thread.run(Thread.java:1583) [?:?]
Caused by: java.lang.NullPointerException: Cannot invoke "String.equalsIgnoreCase(String)" because the return value of "org.bukkit.inventory.meta.ItemMeta.getLocalizedName()" is null
	at com.samleighton.xquiset.sethomes.eventListeners.EventListener.onPlayerInteractBlock(EventListener.java:28) ~[?:?]
	at com.destroystokyo.paper.event.executor.asm.generated.GeneratedEventExecutor78.execute(Unknown Source) ~[?:?]
	at org.bukkit.plugin.EventExecutor$2.execute(EventExecutor.java:70) ~[patched_1.12.2.jar:git-Paper-1620]
	... 18 more
[05:08:54] [Server thread/ERROR]: Could not pass event PlayerInteractEvent to SetHomes v1.3.0
org.bukkit.event.EventException: null
	at org.bukkit.plugin.EventExecutor$2.execute(EventExecutor.java:72) ~[patched_1.12.2.jar:git-Paper-1620]
	at co.aikar.timings.TimedEventExecutor.execute(TimedEventExecutor.java:78) ~[patched_1.12.2.jar:git-Paper-1620]
	at org.bukkit.plugin.RegisteredListener.callEvent(RegisteredListener.java:62) ~[patched_1.12.2.jar:git-Paper-1620]
	at org.bukkit.plugin.SimplePluginManager.callEvent(SimplePluginManager.java:513) ~[patched_1.12.2.jar:git-Paper-1620]
	at org.bukkit.craftbukkit.v1_12_R1.event.CraftEventFactory.callPlayerInteractEvent(CraftEventFactory.java:236) ~[patched_1.12.2.jar:git-Paper-1620]
	at org.bukkit.craftbukkit.v1_12_R1.event.CraftEventFactory.callPlayerInteractEvent(CraftEventFactory.java:203) ~[patched_1.12.2.jar:git-Paper-1620]
	at org.bukkit.craftbukkit.v1_12_R1.event.CraftEventFactory.callPlayerInteractEvent(CraftEventFactory.java:199) ~[patched_1.12.2.jar:git-Paper-1620]
	at net.minecraft.server.v1_12_R1.PlayerConnection.a(PlayerConnection.java:1049) ~[patched_1.12.2.jar:git-Paper-1620]
	at net.minecraft.server.v1_12_R1.PacketPlayInBlockPlace.a(PacketPlayInBlockPlace.java:26) ~[patched_1.12.2.jar:git-Paper-1620]
	at net.minecraft.server.v1_12_R1.PacketPlayInBlockPlace.a(PacketPlayInBlockPlace.java:5) ~[patched_1.12.2.jar:git-Paper-1620]
	at net.minecraft.server.v1_12_R1.PlayerConnectionUtils.lambda$ensureMainThread$0(PlayerConnectionUtils.java:14) ~[patched_1.12.2.jar:git-Paper-1620]
	at java.util.concurrent.Executors$RunnableAdapter.call(Executors.java:572) ~[?:?]
	at java.util.concurrent.FutureTask.run(FutureTask.java:317) ~[?:?]
	at net.minecraft.server.v1_12_R1.SystemUtils.a(SourceFile:46) ~[patched_1.12.2.jar:git-Paper-1620]
	at net.minecraft.server.v1_12_R1.MinecraftServer.D(MinecraftServer.java:850) ~[patched_1.12.2.jar:git-Paper-1620]
	at net.minecraft.server.v1_12_R1.DedicatedServer.D(DedicatedServer.java:423) ~[patched_1.12.2.jar:git-Paper-1620]
	at net.minecraft.server.v1_12_R1.MinecraftServer.C(MinecraftServer.java:774) ~[patched_1.12.2.jar:git-Paper-1620]
	at net.minecraft.server.v1_12_R1.MinecraftServer.run(MinecraftServer.java:666) ~[patched_1.12.2.jar:git-Paper-1620]
	at java.lang.Thread.run(Thread.java:1583) [?:?]
Caused by: java.lang.NullPointerException: Cannot invoke "String.equalsIgnoreCase(String)" because the return value of "org.bukkit.inventory.meta.ItemMeta.getLocalizedName()" is null
	at com.samleighton.xquiset.sethomes.eventListeners.EventListener.onPlayerInteractBlock(EventListener.java:28) ~[?:?]
	at com.destroystokyo.paper.event.executor.asm.generated.GeneratedEventExecutor78.execute(Unknown Source) ~[?:?]
	at org.bukkit.plugin.EventExecutor$2.execute(EventExecutor.java:70) ~[patched_1.12.2.jar:git-Paper-1620]
	... 18 more
[05:08:54] [Server thread/ERROR]: Could not pass event PlayerInteractEvent to SetHomes v1.3.0
org.bukkit.event.EventException: null
	at org.bukkit.plugin.EventExecutor$2.execute(EventExecutor.java:72) ~[patched_1.12.2.jar:git-Paper-1620]
	at co.aikar.timings.TimedEventExecutor.execute(TimedEventExecutor.java:78) ~[patched_1.12.2.jar:git-Paper-1620]
	at org.bukkit.plugin.RegisteredListener.callEvent(RegisteredListener.java:62) ~[patched_1.12.2.jar:git-Paper-1620]
	at org.bukkit.plugin.SimplePluginManager.callEvent(SimplePluginManager.java:513) ~[patched_1.12.2.jar:git-Paper-1620]
	at org.bukkit.craftbukkit.v1_12_R1.event.CraftEventFactory.callPlayerInteractEvent(CraftEventFactory.java:236) ~[patched_1.12.2.jar:git-Paper-1620]
	at org.bukkit.craftbukkit.v1_12_R1.event.CraftEventFactory.callPlayerInteractEvent(CraftEventFactory.java:203) ~[patched_1.12.2.jar:git-Paper-1620]
	at org.bukkit.craftbukkit.v1_12_R1.event.CraftEventFactory.callPlayerInteractEvent(CraftEventFactory.java:199) ~[patched_1.12.2.jar:git-Paper-1620]
	at net.minecraft.server.v1_12_R1.PlayerConnection.a(PlayerConnection.java:1049) ~[patched_1.12.2.jar:git-Paper-1620]
	at net.minecraft.server.v1_12_R1.PacketPlayInBlockPlace.a(PacketPlayInBlockPlace.java:26) ~[patched_1.12.2.jar:git-Paper-1620]
	at net.minecraft.server.v1_12_R1.PacketPlayInBlockPlace.a(PacketPlayInBlockPlace.java:5) ~[patched_1.12.2.jar:git-Paper-1620]
	at net.minecraft.server.v1_12_R1.PlayerConnectionUtils.lambda$ensureMainThread$0(PlayerConnectionUtils.java:14) ~[patched_1.12.2.jar:git-Paper-1620]
	at java.util.concurrent.Executors$RunnableAdapter.call(Executors.java:572) ~[?:?]
	at java.util.concurrent.FutureTask.run(FutureTask.java:317) ~[?:?]
	at net.minecraft.server.v1_12_R1.SystemUtils.a(SourceFile:46) ~[patched_1.12.2.jar:git-Paper-1620]
	at net.minecraft.server.v1_12_R1.MinecraftServer.D(MinecraftServer.java:850) ~[patched_1.12.2.jar:git-Paper-1620]
	at net.minecraft.server.v1_12_R1.DedicatedServer.D(DedicatedServer.java:423) ~[patched_1.12.2.jar:git-Paper-1620]
	at net.minecraft.server.v1_12_R1.MinecraftServer.C(MinecraftServer.java:774) ~[patched_1.12.2.jar:git-Paper-1620]
	at net.minecraft.server.v1_12_R1.MinecraftServer.run(MinecraftServer.java:666) ~[patched_1.12.2.jar:git-Paper-1620]
	at java.lang.Thread.run(Thread.java:1583) [?:?]
Caused by: java.lang.NullPointerException: Cannot invoke "String.equalsIgnoreCase(String)" because the return value of "org.bukkit.inventory.meta.ItemMeta.getLocalizedName()" is null
	at com.samleighton.xquiset.sethomes.eventListeners.EventListener.onPlayerInteractBlock(EventListener.java:28) ~[?:?]
	at com.destroystokyo.paper.event.executor.asm.generated.GeneratedEventExecutor78.execute(Unknown Source) ~[?:?]
	at org.bukkit.plugin.EventExecutor$2.execute(EventExecutor.java:70) ~[patched_1.12.2.jar:git-Paper-1620]
	... 18 more
[05:08:54] [Server thread/ERROR]: Could not pass event PlayerInteractEvent to SetHomes v1.3.0
org.bukkit.event.EventException: null
	at org.bukkit.plugin.EventExecutor$2.execute(EventExecutor.java:72) ~[patched_1.12.2.jar:git-Paper-1620]
	at co.aikar.timings.TimedEventExecutor.execute(TimedEventExecutor.java:78) ~[patched_1.12.2.jar:git-Paper-1620]
	at org.bukkit.plugin.RegisteredListener.callEvent(RegisteredListener.java:62) ~[patched_1.12.2.jar:git-Paper-1620]
	at org.bukkit.plugin.SimplePluginManager.callEvent(SimplePluginManager.java:513) ~[patched_1.12.2.jar:git-Paper-1620]
	at org.bukkit.craftbukkit.v1_12_R1.event.CraftEventFactory.callPlayerInteractEvent(CraftEventFactory.java:236) ~[patched_1.12.2.jar:git-Paper-1620]
	at org.bukkit.craftbukkit.v1_12_R1.event.CraftEventFactory.callPlayerInteractEvent(CraftEventFactory.java:203) ~[patched_1.12.2.jar:git-Paper-1620]
	at org.bukkit.craftbukkit.v1_12_R1.event.CraftEventFactory.callPlayerInteractEvent(CraftEventFactory.java:199) ~[patched_1.12.2.jar:git-Paper-1620]
	at net.minecraft.server.v1_12_R1.PlayerConnection.a(PlayerConnection.java:1049) ~[patched_1.12.2.jar:git-Paper-1620]
	at net.minecraft.server.v1_12_R1.PacketPlayInBlockPlace.a(PacketPlayInBlockPlace.java:26) ~[patched_1.12.2.jar:git-Paper-1620]
	at net.minecraft.server.v1_12_R1.PacketPlayInBlockPlace.a(PacketPlayInBlockPlace.java:5) ~[patched_1.12.2.jar:git-Paper-1620]
	at net.minecraft.server.v1_12_R1.PlayerConnectionUtils.lambda$ensureMainThread$0(PlayerConnectionUtils.java:14) ~[patched_1.12.2.jar:git-Paper-1620]
	at java.util.concurrent.Executors$RunnableAdapter.call(Executors.java:572) ~[?:?]
	at java.util.concurrent.FutureTask.run(FutureTask.java:317) ~[?:?]
	at net.minecraft.server.v1_12_R1.SystemUtils.a(SourceFile:46) ~[patched_1.12.2.jar:git-Paper-1620]
	at net.minecraft.server.v1_12_R1.MinecraftServer.D(MinecraftServer.java:850) ~[patched_1.12.2.jar:git-Paper-1620]
	at net.minecraft.server.v1_12_R1.DedicatedServer.D(DedicatedServer.java:423) ~[patched_1.12.2.jar:git-Paper-1620]
	at net.minecraft.server.v1_12_R1.MinecraftServer.C(MinecraftServer.java:774) ~[patched_1.12.2.jar:git-Paper-1620]
	at net.minecraft.server.v1_12_R1.MinecraftServer.run(MinecraftServer.java:666) ~[patched_1.12.2.jar:git-Paper-1620]
	at java.lang.Thread.run(Thread.java:1583) [?:?]
Caused by: java.lang.NullPointerException: Cannot invoke "String.equalsIgnoreCase(String)" because the return value of "org.bukkit.inventory.meta.ItemMeta.getLocalizedName()" is null
	at com.samleighton.xquiset.sethomes.eventListeners.EventListener.onPlayerInteractBlock(EventListener.java:28) ~[?:?]
	at com.destroystokyo.paper.event.executor.asm.generated.GeneratedEventExecutor78.execute(Unknown Source) ~[?:?]
	at org.bukkit.plugin.EventExecutor$2.execute(EventExecutor.java:70) ~[patched_1.12.2.jar:git-Paper-1620]
	... 18 more
[05:08:55] [Server thread/ERROR]: Could not pass event PlayerInteractEvent to SetHomes v1.3.0
org.bukkit.event.EventException: null
	at org.bukkit.plugin.EventExecutor$2.execute(EventExecutor.java:72) ~[patched_1.12.2.jar:git-Paper-1620]
	at co.aikar.timings.TimedEventExecutor.execute(TimedEventExecutor.java:78) ~[patched_1.12.2.jar:git-Paper-1620]
	at org.bukkit.plugin.RegisteredListener.callEvent(RegisteredListener.java:62) ~[patched_1.12.2.jar:git-Paper-1620]
	at org.bukkit.plugin.SimplePluginManager.callEvent(SimplePluginManager.java:513) ~[patched_1.12.2.jar:git-Paper-1620]
	at org.bukkit.craftbukkit.v1_12_R1.event.CraftEventFactory.callPlayerInteractEvent(CraftEventFactory.java:236) ~[patched_1.12.2.jar:git-Paper-1620]
	at org.bukkit.craftbukkit.v1_12_R1.event.CraftEventFactory.callPlayerInteractEvent(CraftEventFactory.java:203) ~[patched_1.12.2.jar:git-Paper-1620]
	at org.bukkit.craftbukkit.v1_12_R1.event.CraftEventFactory.callPlayerInteractEvent(CraftEventFactory.java:199) ~[patched_1.12.2.jar:git-Paper-1620]
	at net.minecraft.server.v1_12_R1.PlayerConnection.a(PlayerConnection.java:1049) ~[patched_1.12.2.jar:git-Paper-1620]
	at net.minecraft.server.v1_12_R1.PacketPlayInBlockPlace.a(PacketPlayInBlockPlace.java:26) ~[patched_1.12.2.jar:git-Paper-1620]
	at net.minecraft.server.v1_12_R1.PacketPlayInBlockPlace.a(PacketPlayInBlockPlace.java:5) ~[patched_1.12.2.jar:git-Paper-1620]
	at net.minecraft.server.v1_12_R1.PlayerConnectionUtils.lambda$ensureMainThread$0(PlayerConnectionUtils.java:14) ~[patched_1.12.2.jar:git-Paper-1620]
	at java.util.concurrent.Executors$RunnableAdapter.call(Executors.java:572) ~[?:?]
	at java.util.concurrent.FutureTask.run(FutureTask.java:317) ~[?:?]
	at net.minecraft.server.v1_12_R1.SystemUtils.a(SourceFile:46) ~[patched_1.12.2.jar:git-Paper-1620]
	at net.minecraft.server.v1_12_R1.MinecraftServer.D(MinecraftServer.java:850) ~[patched_1.12.2.jar:git-Paper-1620]
	at net.minecraft.server.v1_12_R1.DedicatedServer.D(DedicatedServer.java:423) ~[patched_1.12.2.jar:git-Paper-1620]
	at net.minecraft.server.v1_12_R1.MinecraftServer.C(MinecraftServer.java:774) ~[patched_1.12.2.jar:git-Paper-1620]
	at net.minecraft.server.v1_12_R1.MinecraftServer.run(MinecraftServer.java:666) ~[patched_1.12.2.jar:git-Paper-1620]
	at java.lang.Thread.run(Thread.java:1583) [?:?]
Caused by: java.lang.NullPointerException: Cannot invoke "String.equalsIgnoreCase(String)" because the return value of "org.bukkit.inventory.meta.ItemMeta.getLocalizedName()" is null
	at com.samleighton.xquiset.sethomes.eventListeners.EventListener.onPlayerInteractBlock(EventListener.java:28) ~[?:?]
	at com.destroystokyo.paper.event.executor.asm.generated.GeneratedEventExecutor78.execute(Unknown Source) ~[?:?]
	at org.bukkit.plugin.EventExecutor$2.execute(EventExecutor.java:70) ~[patched_1.12.2.jar:git-Paper-1620]
	... 18 more
[05:08:55] [Server thread/ERROR]: Could not pass event PlayerInteractEvent to SetHomes v1.3.0
org.bukkit.event.EventException: null
	at org.bukkit.plugin.EventExecutor$2.execute(EventExecutor.java:72) ~[patched_1.12.2.jar:git-Paper-1620]
	at co.aikar.timings.TimedEventExecutor.execute(TimedEventExecutor.java:78) ~[patched_1.12.2.jar:git-Paper-1620]
	at org.bukkit.plugin.RegisteredListener.callEvent(RegisteredListener.java:62) ~[patched_1.12.2.jar:git-Paper-1620]
	at org.bukkit.plugin.SimplePluginManager.callEvent(SimplePluginManager.java:513) ~[patched_1.12.2.jar:git-Paper-1620]
	at org.bukkit.craftbukkit.v1_12_R1.event.CraftEventFactory.callPlayerInteractEvent(CraftEventFactory.java:236) ~[patched_1.12.2.jar:git-Paper-1620]
	at org.bukkit.craftbukkit.v1_12_R1.event.CraftEventFactory.callPlayerInteractEvent(CraftEventFactory.java:203) ~[patched_1.12.2.jar:git-Paper-1620]
	at org.bukkit.craftbukkit.v1_12_R1.event.CraftEventFactory.callPlayerInteractEvent(CraftEventFactory.java:199) ~[patched_1.12.2.jar:git-Paper-1620]
	at net.minecraft.server.v1_12_R1.PlayerConnection.a(PlayerConnection.java:1049) ~[patched_1.12.2.jar:git-Paper-1620]
	at net.minecraft.server.v1_12_R1.PacketPlayInBlockPlace.a(PacketPlayInBlockPlace.java:26) ~[patched_1.12.2.jar:git-Paper-1620]
	at net.minecraft.server.v1_12_R1.PacketPlayInBlockPlace.a(PacketPlayInBlockPlace.java:5) ~[patched_1.12.2.jar:git-Paper-1620]
	at net.minecraft.server.v1_12_R1.PlayerConnectionUtils.lambda$ensureMainThread$0(PlayerConnectionUtils.java:14) ~[patched_1.12.2.jar:git-Paper-1620]
	at java.util.concurrent.Executors$RunnableAdapter.call(Executors.java:572) ~[?:?]
	at java.util.concurrent.FutureTask.run(FutureTask.java:317) ~[?:?]
	at net.minecraft.server.v1_12_R1.SystemUtils.a(SourceFile:46) ~[patched_1.12.2.jar:git-Paper-1620]
	at net.minecraft.server.v1_12_R1.MinecraftServer.D(MinecraftServer.java:850) ~[patched_1.12.2.jar:git-Paper-1620]
	at net.minecraft.server.v1_12_R1.DedicatedServer.D(DedicatedServer.java:423) ~[patched_1.12.2.jar:git-Paper-1620]
	at net.minecraft.server.v1_12_R1.MinecraftServer.C(MinecraftServer.java:774) ~[patched_1.12.2.jar:git-Paper-1620]
	at net.minecraft.server.v1_12_R1.MinecraftServer.run(MinecraftServer.java:666) ~[patched_1.12.2.jar:git-Paper-1620]
	at java.lang.Thread.run(Thread.java:1583) [?:?]
Caused by: java.lang.NullPointerException: Cannot invoke "String.equalsIgnoreCase(String)" because the return value of "org.bukkit.inventory.meta.ItemMeta.getLocalizedName()" is null
	at com.samleighton.xquiset.sethomes.eventListeners.EventListener.onPlayerInteractBlock(EventListener.java:28) ~[?:?]
	at com.destroystokyo.paper.event.executor.asm.generated.GeneratedEventExecutor78.execute(Unknown Source) ~[?:?]
	at org.bukkit.plugin.EventExecutor$2.execute(EventExecutor.java:70) ~[patched_1.12.2.jar:git-Paper-1620]
	... 18 more
[05:08:55] [Server thread/ERROR]: Could not pass event PlayerInteractEvent to SetHomes v1.3.0
org.bukkit.event.EventException: null
	at org.bukkit.plugin.EventExecutor$2.execute(EventExecutor.java:72) ~[patched_1.12.2.jar:git-Paper-1620]
	at co.aikar.timings.TimedEventExecutor.execute(TimedEventExecutor.java:78) ~[patched_1.12.2.jar:git-Paper-1620]
	at org.bukkit.plugin.RegisteredListener.callEvent(RegisteredListener.java:62) ~[patched_1.12.2.jar:git-Paper-1620]
	at org.bukkit.plugin.SimplePluginManager.callEvent(SimplePluginManager.java:513) ~[patched_1.12.2.jar:git-Paper-1620]
	at org.bukkit.craftbukkit.v1_12_R1.event.CraftEventFactory.callPlayerInteractEvent(CraftEventFactory.java:236) ~[patched_1.12.2.jar:git-Paper-1620]
	at org.bukkit.craftbukkit.v1_12_R1.event.CraftEventFactory.callPlayerInteractEvent(CraftEventFactory.java:203) ~[patched_1.12.2.jar:git-Paper-1620]
	at org.bukkit.craftbukkit.v1_12_R1.event.CraftEventFactory.callPlayerInteractEvent(CraftEventFactory.java:199) ~[patched_1.12.2.jar:git-Paper-1620]
	at net.minecraft.server.v1_12_R1.PlayerConnection.a(PlayerConnection.java:1049) ~[patched_1.12.2.jar:git-Paper-1620]
	at net.minecraft.server.v1_12_R1.PacketPlayInBlockPlace.a(PacketPlayInBlockPlace.java:26) ~[patched_1.12.2.jar:git-Paper-1620]
	at net.minecraft.server.v1_12_R1.PacketPlayInBlockPlace.a(PacketPlayInBlockPlace.java:5) ~[patched_1.12.2.jar:git-Paper-1620]
	at net.minecraft.server.v1_12_R1.PlayerConnectionUtils.lambda$ensureMainThread$0(PlayerConnectionUtils.java:14) ~[patched_1.12.2.jar:git-Paper-1620]
	at java.util.concurrent.Executors$RunnableAdapter.call(Executors.java:572) ~[?:?]
	at java.util.concurrent.FutureTask.run(FutureTask.java:317) ~[?:?]
	at net.minecraft.server.v1_12_R1.SystemUtils.a(SourceFile:46) ~[patched_1.12.2.jar:git-Paper-1620]
	at net.minecraft.server.v1_12_R1.MinecraftServer.D(MinecraftServer.java:850) ~[patched_1.12.2.jar:git-Paper-1620]
	at net.minecraft.server.v1_12_R1.DedicatedServer.D(DedicatedServer.java:423) ~[patched_1.12.2.jar:git-Paper-1620]
	at net.minecraft.server.v1_12_R1.MinecraftServer.C(MinecraftServer.java:774) ~[patched_1.12.2.jar:git-Paper-1620]
	at net.minecraft.server.v1_12_R1.MinecraftServer.run(MinecraftServer.java:666) ~[patched_1.12.2.jar:git-Paper-1620]
	at java.lang.Thread.run(Thread.java:1583) [?:?]
Caused by: java.lang.NullPointerException: Cannot invoke "String.equalsIgnoreCase(String)" because the return value of "org.bukkit.inventory.meta.ItemMeta.getLocalizedName()" is null
	at com.samleighton.xquiset.sethomes.eventListeners.EventListener.onPlayerInteractBlock(EventListener.java:28) ~[?:?]
	at com.destroystokyo.paper.event.executor.asm.generated.GeneratedEventExecutor78.execute(Unknown Source) ~[?:?]
	at org.bukkit.plugin.EventExecutor$2.execute(EventExecutor.java:70) ~[patched_1.12.2.jar:git-Paper-1620]
	... 18 more
[05:08:55] [Server thread/ERROR]: Could not pass event PlayerInteractEvent to SetHomes v1.3.0
org.bukkit.event.EventException: null
	at org.bukkit.plugin.EventExecutor$2.execute(EventExecutor.java:72) ~[patched_1.12.2.jar:git-Paper-1620]
	at co.aikar.timings.TimedEventExecutor.execute(TimedEventExecutor.java:78) ~[patched_1.12.2.jar:git-Paper-1620]
	at org.bukkit.plugin.RegisteredListener.callEvent(RegisteredListener.java:62) ~[patched_1.12.2.jar:git-Paper-1620]
	at org.bukkit.plugin.SimplePluginManager.callEvent(SimplePluginManager.java:513) ~[patched_1.12.2.jar:git-Paper-1620]
	at org.bukkit.craftbukkit.v1_12_R1.event.CraftEventFactory.callPlayerInteractEvent(CraftEventFactory.java:236) ~[patched_1.12.2.jar:git-Paper-1620]
	at org.bukkit.craftbukkit.v1_12_R1.event.CraftEventFactory.callPlayerInteractEvent(CraftEventFactory.java:203) ~[patched_1.12.2.jar:git-Paper-1620]
	at org.bukkit.craftbukkit.v1_12_R1.event.CraftEventFactory.callPlayerInteractEvent(CraftEventFactory.java:199) ~[patched_1.12.2.jar:git-Paper-1620]
	at net.minecraft.server.v1_12_R1.PlayerConnection.a(PlayerConnection.java:1049) ~[patched_1.12.2.jar:git-Paper-1620]
	at net.minecraft.server.v1_12_R1.PacketPlayInBlockPlace.a(PacketPlayInBlockPlace.java:26) ~[patched_1.12.2.jar:git-Paper-1620]
	at net.minecraft.server.v1_12_R1.PacketPlayInBlockPlace.a(PacketPlayInBlockPlace.java:5) ~[patched_1.12.2.jar:git-Paper-1620]
	at net.minecraft.server.v1_12_R1.PlayerConnectionUtils.lambda$ensureMainThread$0(PlayerConnectionUtils.java:14) ~[patched_1.12.2.jar:git-Paper-1620]
	at java.util.concurrent.Executors$RunnableAdapter.call(Executors.java:572) ~[?:?]
	at java.util.concurrent.FutureTask.run(FutureTask.java:317) ~[?:?]
	at net.minecraft.server.v1_12_R1.SystemUtils.a(SourceFile:46) ~[patched_1.12.2.jar:git-Paper-1620]
	at net.minecraft.server.v1_12_R1.MinecraftServer.D(MinecraftServer.java:850) ~[patched_1.12.2.jar:git-Paper-1620]
	at net.minecraft.server.v1_12_R1.DedicatedServer.D(DedicatedServer.java:423) ~[patched_1.12.2.jar:git-Paper-1620]
	at net.minecraft.server.v1_12_R1.MinecraftServer.C(MinecraftServer.java:774) ~[patched_1.12.2.jar:git-Paper-1620]
	at net.minecraft.server.v1_12_R1.MinecraftServer.run(MinecraftServer.java:666) ~[patched_1.12.2.jar:git-Paper-1620]
	at java.lang.Thread.run(Thread.java:1583) [?:?]
Caused by: java.lang.NullPointerException: Cannot invoke "String.equalsIgnoreCase(String)" because the return value of "org.bukkit.inventory.meta.ItemMeta.getLocalizedName()" is null
	at com.samleighton.xquiset.sethomes.eventListeners.EventListener.onPlayerInteractBlock(EventListener.java:28) ~[?:?]
	at com.destroystokyo.paper.event.executor.asm.generated.GeneratedEventExecutor78.execute(Unknown Source) ~[?:?]
	at org.bukkit.plugin.EventExecutor$2.execute(EventExecutor.java:70) ~[patched_1.12.2.jar:git-Paper-1620]
	... 18 more
[05:09:18] [Server thread/INFO]: naeem123 issued server command: /zworld
[05:09:18] [Server thread/INFO]: naeem123 [a8d851a0-d2b0-32a4-80be-33b152c844cc]: /zworld
[05:09:31] [Server thread/INFO]: naeem123 issued server command: /spawn
[05:09:32] [Server thread/ERROR]: Could not pass event PlayerInteractEvent to SetHomes v1.3.0
org.bukkit.event.EventException: null
	at org.bukkit.plugin.EventExecutor$2.execute(EventExecutor.java:72) ~[patched_1.12.2.jar:git-Paper-1620]
	at co.aikar.timings.TimedEventExecutor.execute(TimedEventExecutor.java:78) ~[patched_1.12.2.jar:git-Paper-1620]
	at org.bukkit.plugin.RegisteredListener.callEvent(RegisteredListener.java:62) ~[patched_1.12.2.jar:git-Paper-1620]
	at org.bukkit.plugin.SimplePluginManager.callEvent(SimplePluginManager.java:513) ~[patched_1.12.2.jar:git-Paper-1620]
	at org.bukkit.craftbukkit.v1_12_R1.event.CraftEventFactory.callPlayerInteractEvent(CraftEventFactory.java:236) ~[patched_1.12.2.jar:git-Paper-1620]
	at org.bukkit.craftbukkit.v1_12_R1.event.CraftEventFactory.callPlayerInteractEvent(CraftEventFactory.java:203) ~[patched_1.12.2.jar:git-Paper-1620]
	at org.bukkit.craftbukkit.v1_12_R1.event.CraftEventFactory.callPlayerInteractEvent(CraftEventFactory.java:199) ~[patched_1.12.2.jar:git-Paper-1620]
	at net.minecraft.server.v1_12_R1.PlayerConnection.a(PlayerConnection.java:1530) ~[patched_1.12.2.jar:git-Paper-1620]
	at net.minecraft.server.v1_12_R1.PacketPlayInArmAnimation.a(PacketPlayInArmAnimation.java:24) ~[patched_1.12.2.jar:git-Paper-1620]
	at net.minecraft.server.v1_12_R1.PacketPlayInArmAnimation.a(PacketPlayInArmAnimation.java:5) ~[patched_1.12.2.jar:git-Paper-1620]
	at net.minecraft.server.v1_12_R1.PlayerConnectionUtils.lambda$ensureMainThread$0(PlayerConnectionUtils.java:14) ~[patched_1.12.2.jar:git-Paper-1620]
	at java.util.concurrent.Executors$RunnableAdapter.call(Executors.java:572) ~[?:?]
	at java.util.concurrent.FutureTask.run(FutureTask.java:317) ~[?:?]
	at net.minecraft.server.v1_12_R1.SystemUtils.a(SourceFile:46) ~[patched_1.12.2.jar:git-Paper-1620]
	at net.minecraft.server.v1_12_R1.MinecraftServer.D(MinecraftServer.java:850) ~[patched_1.12.2.jar:git-Paper-1620]
	at net.minecraft.server.v1_12_R1.DedicatedServer.D(DedicatedServer.java:423) ~[patched_1.12.2.jar:git-Paper-1620]
	at net.minecraft.server.v1_12_R1.MinecraftServer.C(MinecraftServer.java:774) ~[patched_1.12.2.jar:git-Paper-1620]
	at net.minecraft.server.v1_12_R1.MinecraftServer.run(MinecraftServer.java:666) ~[patched_1.12.2.jar:git-Paper-1620]
	at java.lang.Thread.run(Thread.java:1583) [?:?]
Caused by: java.lang.NullPointerException: Cannot invoke "String.equalsIgnoreCase(String)" because the return value of "org.bukkit.inventory.meta.ItemMeta.getLocalizedName()" is null
	at com.samleighton.xquiset.sethomes.eventListeners.EventListener.onPlayerInteractBlock(EventListener.java:28) ~[?:?]
	at com.destroystokyo.paper.event.executor.asm.generated.GeneratedEventExecutor78.execute(Unknown Source) ~[?:?]
	at org.bukkit.plugin.EventExecutor$2.execute(EventExecutor.java:70) ~[patched_1.12.2.jar:git-Paper-1620]
	... 18 more
[05:09:32] [Server thread/ERROR]: Could not pass event PlayerInteractEvent to SetHomes v1.3.0
org.bukkit.event.EventException: null
	at org.bukkit.plugin.EventExecutor$2.execute(EventExecutor.java:72) ~[patched_1.12.2.jar:git-Paper-1620]
	at co.aikar.timings.TimedEventExecutor.execute(TimedEventExecutor.java:78) ~[patched_1.12.2.jar:git-Paper-1620]
	at org.bukkit.plugin.RegisteredListener.callEvent(RegisteredListener.java:62) ~[patched_1.12.2.jar:git-Paper-1620]
	at org.bukkit.plugin.SimplePluginManager.callEvent(SimplePluginManager.java:513) ~[patched_1.12.2.jar:git-Paper-1620]
	at org.bukkit.craftbukkit.v1_12_R1.event.CraftEventFactory.callPlayerInteractEvent(CraftEventFactory.java:236) ~[patched_1.12.2.jar:git-Paper-1620]
	at org.bukkit.craftbukkit.v1_12_R1.event.CraftEventFactory.callPlayerInteractEvent(CraftEventFactory.java:203) ~[patched_1.12.2.jar:git-Paper-1620]
	at org.bukkit.craftbukkit.v1_12_R1.event.CraftEventFactory.callPlayerInteractEvent(CraftEventFactory.java:199) ~[patched_1.12.2.jar:git-Paper-1620]
	at net.minecraft.server.v1_12_R1.PlayerConnection.a(PlayerConnection.java:1530) ~[patched_1.12.2.jar:git-Paper-1620]
	at net.minecraft.server.v1_12_R1.PacketPlayInArmAnimation.a(PacketPlayInArmAnimation.java:24) ~[patched_1.12.2.jar:git-Paper-1620]
	at net.minecraft.server.v1_12_R1.PacketPlayInArmAnimation.a(PacketPlayInArmAnimation.java:5) ~[patched_1.12.2.jar:git-Paper-1620]
	at net.minecraft.server.v1_12_R1.PlayerConnectionUtils.lambda$ensureMainThread$0(PlayerConnectionUtils.java:14) ~[patched_1.12.2.jar:git-Paper-1620]
	at java.util.concurrent.Executors$RunnableAdapter.call(Executors.java:572) ~[?:?]
	at java.util.concurrent.FutureTask.run(FutureTask.java:317) ~[?:?]
	at net.minecraft.server.v1_12_R1.SystemUtils.a(SourceFile:46) ~[patched_1.12.2.jar:git-Paper-1620]
	at net.minecraft.server.v1_12_R1.MinecraftServer.D(MinecraftServer.java:850) ~[patched_1.12.2.jar:git-Paper-1620]
	at net.minecraft.server.v1_12_R1.DedicatedServer.D(DedicatedServer.java:423) ~[patched_1.12.2.jar:git-Paper-1620]
	at net.minecraft.server.v1_12_R1.MinecraftServer.C(MinecraftServer.java:774) ~[patched_1.12.2.jar:git-Paper-1620]
	at net.minecraft.server.v1_12_R1.MinecraftServer.run(MinecraftServer.java:666) ~[patched_1.12.2.jar:git-Paper-1620]
	at java.lang.Thread.run(Thread.java:1583) [?:?]
Caused by: java.lang.NullPointerException: Cannot invoke "String.equalsIgnoreCase(String)" because the return value of "org.bukkit.inventory.meta.ItemMeta.getLocalizedName()" is null
	at com.samleighton.xquiset.sethomes.eventListeners.EventListener.onPlayerInteractBlock(EventListener.java:28) ~[?:?]
	at com.destroystokyo.paper.event.executor.asm.generated.GeneratedEventExecutor78.execute(Unknown Source) ~[?:?]
	at org.bukkit.plugin.EventExecutor$2.execute(EventExecutor.java:70) ~[patched_1.12.2.jar:git-Paper-1620]
	... 18 more
[05:09:33] [Server thread/ERROR]: Could not pass event PlayerInteractEvent to SetHomes v1.3.0
org.bukkit.event.EventException: null
	at org.bukkit.plugin.EventExecutor$2.execute(EventExecutor.java:72) ~[patched_1.12.2.jar:git-Paper-1620]
	at co.aikar.timings.TimedEventExecutor.execute(TimedEventExecutor.java:78) ~[patched_1.12.2.jar:git-Paper-1620]
	at org.bukkit.plugin.RegisteredListener.callEvent(RegisteredListener.java:62) ~[patched_1.12.2.jar:git-Paper-1620]
	at org.bukkit.plugin.SimplePluginManager.callEvent(SimplePluginManager.java:513) ~[patched_1.12.2.jar:git-Paper-1620]
	at org.bukkit.craftbukkit.v1_12_R1.event.CraftEventFactory.callPlayerInteractEvent(CraftEventFactory.java:236) ~[patched_1.12.2.jar:git-Paper-1620]
	at org.bukkit.craftbukkit.v1_12_R1.event.CraftEventFactory.callPlayerInteractEvent(CraftEventFactory.java:203) ~[patched_1.12.2.jar:git-Paper-1620]
	at net.minecraft.server.v1_12_R1.PlayerInteractManager.a(PlayerInteractManager.java:109) ~[patched_1.12.2.jar:git-Paper-1620]
	at net.minecraft.server.v1_12_R1.PlayerConnection.a(PlayerConnection.java:934) ~[patched_1.12.2.jar:git-Paper-1620]
	at net.minecraft.server.v1_12_R1.PacketPlayInBlockDig.a(SourceFile:40) ~[patched_1.12.2.jar:git-Paper-1620]
	at net.minecraft.server.v1_12_R1.PacketPlayInBlockDig.a(SourceFile:10) ~[patched_1.12.2.jar:git-Paper-1620]
	at net.minecraft.server.v1_12_R1.PlayerConnectionUtils.lambda$ensureMainThread$0(PlayerConnectionUtils.java:14) ~[patched_1.12.2.jar:git-Paper-1620]
	at java.util.concurrent.Executors$RunnableAdapter.call(Executors.java:572) ~[?:?]
	at java.util.concurrent.FutureTask.run(FutureTask.java:317) ~[?:?]
	at net.minecraft.server.v1_12_R1.SystemUtils.a(SourceFile:46) ~[patched_1.12.2.jar:git-Paper-1620]
	at net.minecraft.server.v1_12_R1.MinecraftServer.D(MinecraftServer.java:850) ~[patched_1.12.2.jar:git-Paper-1620]
	at net.minecraft.server.v1_12_R1.DedicatedServer.D(DedicatedServer.java:423) ~[patched_1.12.2.jar:git-Paper-1620]
	at net.minecraft.server.v1_12_R1.MinecraftServer.C(MinecraftServer.java:774) ~[patched_1.12.2.jar:git-Paper-1620]
	at net.minecraft.server.v1_12_R1.MinecraftServer.run(MinecraftServer.java:666) ~[patched_1.12.2.jar:git-Paper-1620]
	at java.lang.Thread.run(Thread.java:1583) [?:?]
Caused by: java.lang.NullPointerException: Cannot invoke "String.equalsIgnoreCase(String)" because the return value of "org.bukkit.inventory.meta.ItemMeta.getLocalizedName()" is null
	at com.samleighton.xquiset.sethomes.eventListeners.EventListener.onPlayerInteractBlock(EventListener.java:28) ~[?:?]
	at com.destroystokyo.paper.event.executor.asm.generated.GeneratedEventExecutor78.execute(Unknown Source) ~[?:?]
	at org.bukkit.plugin.EventExecutor$2.execute(EventExecutor.java:70) ~[patched_1.12.2.jar:git-Paper-1620]
	... 18 more
[05:09:33] [Server thread/ERROR]: Could not pass event PlayerInteractEvent to SetHomes v1.3.0
org.bukkit.event.EventException: null
	at org.bukkit.plugin.EventExecutor$2.execute(EventExecutor.java:72) ~[patched_1.12.2.jar:git-Paper-1620]
	at co.aikar.timings.TimedEventExecutor.execute(TimedEventExecutor.java:78) ~[patched_1.12.2.jar:git-Paper-1620]
	at org.bukkit.plugin.RegisteredListener.callEvent(RegisteredListener.java:62) ~[patched_1.12.2.jar:git-Paper-1620]
	at org.bukkit.plugin.SimplePluginManager.callEvent(SimplePluginManager.java:513) ~[patched_1.12.2.jar:git-Paper-1620]
	at org.bukkit.craftbukkit.v1_12_R1.event.CraftEventFactory.callPlayerInteractEvent(CraftEventFactory.java:236) ~[patched_1.12.2.jar:git-Paper-1620]
	at org.bukkit.craftbukkit.v1_12_R1.event.CraftEventFactory.callPlayerInteractEvent(CraftEventFactory.java:203) ~[patched_1.12.2.jar:git-Paper-1620]
	at org.bukkit.craftbukkit.v1_12_R1.event.CraftEventFactory.callPlayerInteractEvent(CraftEventFactory.java:199) ~[patched_1.12.2.jar:git-Paper-1620]
	at net.minecraft.server.v1_12_R1.PlayerConnection.a(PlayerConnection.java:1530) ~[patched_1.12.2.jar:git-Paper-1620]
	at net.minecraft.server.v1_12_R1.PacketPlayInArmAnimation.a(PacketPlayInArmAnimation.java:24) ~[patched_1.12.2.jar:git-Paper-1620]
	at net.minecraft.server.v1_12_R1.PacketPlayInArmAnimation.a(PacketPlayInArmAnimation.java:5) ~[patched_1.12.2.jar:git-Paper-1620]
	at net.minecraft.server.v1_12_R1.PlayerConnectionUtils.lambda$ensureMainThread$0(PlayerConnectionUtils.java:14) ~[patched_1.12.2.jar:git-Paper-1620]
	at java.util.concurrent.Executors$RunnableAdapter.call(Executors.java:572) ~[?:?]
	at java.util.concurrent.FutureTask.run(FutureTask.java:317) ~[?:?]
	at net.minecraft.server.v1_12_R1.SystemUtils.a(SourceFile:46) ~[patched_1.12.2.jar:git-Paper-1620]
	at net.minecraft.server.v1_12_R1.MinecraftServer.D(MinecraftServer.java:850) ~[patched_1.12.2.jar:git-Paper-1620]
	at net.minecraft.server.v1_12_R1.DedicatedServer.D(DedicatedServer.java:423) ~[patched_1.12.2.jar:git-Paper-1620]
	at net.minecraft.server.v1_12_R1.MinecraftServer.C(MinecraftServer.java:774) ~[patched_1.12.2.jar:git-Paper-1620]
	at net.minecraft.server.v1_12_R1.MinecraftServer.run(MinecraftServer.java:666) ~[patched_1.12.2.jar:git-Paper-1620]
	at java.lang.Thread.run(Thread.java:1583) [?:?]
Caused by: java.lang.NullPointerException: Cannot invoke "String.equalsIgnoreCase(String)" because the return value of "org.bukkit.inventory.meta.ItemMeta.getLocalizedName()" is null
	at com.samleighton.xquiset.sethomes.eventListeners.EventListener.onPlayerInteractBlock(EventListener.java:28) ~[?:?]
	at com.destroystokyo.paper.event.executor.asm.generated.GeneratedEventExecutor78.execute(Unknown Source) ~[?:?]
	at org.bukkit.plugin.EventExecutor$2.execute(EventExecutor.java:70) ~[patched_1.12.2.jar:git-Paper-1620]
	... 18 more
[05:09:40] [Server thread/INFO]: naeem123 issued server command: /hworld
[05:09:40] [Server thread/INFO]: naeem123 [a8d851a0-d2b0-32a4-80be-33b152c844cc]: /hworld
[05:09:42] [Server thread/ERROR]: Could not pass event PlayerInteractEvent to SetHomes v1.3.0
org.bukkit.event.EventException: null
	at org.bukkit.plugin.EventExecutor$2.execute(EventExecutor.java:72) ~[patched_1.12.2.jar:git-Paper-1620]
	at co.aikar.timings.TimedEventExecutor.execute(TimedEventExecutor.java:78) ~[patched_1.12.2.jar:git-Paper-1620]
	at org.bukkit.plugin.RegisteredListener.callEvent(RegisteredListener.java:62) ~[patched_1.12.2.jar:git-Paper-1620]
	at org.bukkit.plugin.SimplePluginManager.callEvent(SimplePluginManager.java:513) ~[patched_1.12.2.jar:git-Paper-1620]
	at org.bukkit.craftbukkit.v1_12_R1.event.CraftEventFactory.callPlayerInteractEvent(CraftEventFactory.java:236) ~[patched_1.12.2.jar:git-Paper-1620]
	at org.bukkit.craftbukkit.v1_12_R1.event.CraftEventFactory.callPlayerInteractEvent(CraftEventFactory.java:203) ~[patched_1.12.2.jar:git-Paper-1620]
	at net.minecraft.server.v1_12_R1.PlayerInteractManager.a(PlayerInteractManager.java:109) ~[patched_1.12.2.jar:git-Paper-1620]
	at net.minecraft.server.v1_12_R1.PlayerConnection.a(PlayerConnection.java:934) ~[patched_1.12.2.jar:git-Paper-1620]
	at net.minecraft.server.v1_12_R1.PacketPlayInBlockDig.a(SourceFile:40) ~[patched_1.12.2.jar:git-Paper-1620]
	at net.minecraft.server.v1_12_R1.PacketPlayInBlockDig.a(SourceFile:10) ~[patched_1.12.2.jar:git-Paper-1620]
	at net.minecraft.server.v1_12_R1.PlayerConnectionUtils.lambda$ensureMainThread$0(PlayerConnectionUtils.java:14) ~[patched_1.12.2.jar:git-Paper-1620]
	at java.util.concurrent.Executors$RunnableAdapter.call(Executors.java:572) ~[?:?]
	at java.util.concurrent.FutureTask.run(FutureTask.java:317) ~[?:?]
	at net.minecraft.server.v1_12_R1.SystemUtils.a(SourceFile:46) ~[patched_1.12.2.jar:git-Paper-1620]
	at net.minecraft.server.v1_12_R1.MinecraftServer.D(MinecraftServer.java:850) ~[patched_1.12.2.jar:git-Paper-1620]
	at net.minecraft.server.v1_12_R1.DedicatedServer.D(DedicatedServer.java:423) ~[patched_1.12.2.jar:git-Paper-1620]
	at net.minecraft.server.v1_12_R1.MinecraftServer.C(MinecraftServer.java:774) ~[patched_1.12.2.jar:git-Paper-1620]
	at net.minecraft.server.v1_12_R1.MinecraftServer.run(MinecraftServer.java:666) ~[patched_1.12.2.jar:git-Paper-1620]
	at java.lang.Thread.run(Thread.java:1583) [?:?]
Caused by: java.lang.NullPointerException: Cannot invoke "String.equalsIgnoreCase(String)" because the return value of "org.bukkit.inventory.meta.ItemMeta.getLocalizedName()" is null
	at com.samleighton.xquiset.sethomes.eventListeners.EventListener.onPlayerInteractBlock(EventListener.java:28) ~[?:?]
	at com.destroystokyo.paper.event.executor.asm.generated.GeneratedEventExecutor78.execute(Unknown Source) ~[?:?]
	at org.bukkit.plugin.EventExecutor$2.execute(EventExecutor.java:70) ~[patched_1.12.2.jar:git-Paper-1620]
	... 18 more
[05:10:15] [Server thread/ERROR]: Could not pass event PlayerInteractEvent to SetHomes v1.3.0
org.bukkit.event.EventException: null
	at org.bukkit.plugin.EventExecutor$2.execute(EventExecutor.java:72) ~[patched_1.12.2.jar:git-Paper-1620]
	at co.aikar.timings.TimedEventExecutor.execute(TimedEventExecutor.java:78) ~[patched_1.12.2.jar:git-Paper-1620]
	at org.bukkit.plugin.RegisteredListener.callEvent(RegisteredListener.java:62) ~[patched_1.12.2.jar:git-Paper-1620]
	at org.bukkit.plugin.SimplePluginManager.callEvent(SimplePluginManager.java:513) ~[patched_1.12.2.jar:git-Paper-1620]
	at org.bukkit.craftbukkit.v1_12_R1.event.CraftEventFactory.callPlayerInteractEvent(CraftEventFactory.java:236) ~[patched_1.12.2.jar:git-Paper-1620]
	at net.minecraft.server.v1_12_R1.PlayerInteractManager.a(PlayerInteractManager.java:486) ~[patched_1.12.2.jar:git-Paper-1620]
	at net.minecraft.server.v1_12_R1.PlayerConnection.a(PlayerConnection.java:1011) ~[patched_1.12.2.jar:git-Paper-1620]
	at net.minecraft.server.v1_12_R1.PacketPlayInUseItem.a(PacketPlayInUseItem.java:37) ~[patched_1.12.2.jar:git-Paper-1620]
	at net.minecraft.server.v1_12_R1.PacketPlayInUseItem.a(PacketPlayInUseItem.java:5) ~[patched_1.12.2.jar:git-Paper-1620]
	at net.minecraft.server.v1_12_R1.PlayerConnectionUtils.lambda$ensureMainThread$0(PlayerConnectionUtils.java:14) ~[patched_1.12.2.jar:git-Paper-1620]
	at java.util.concurrent.Executors$RunnableAdapter.call(Executors.java:572) ~[?:?]
	at java.util.concurrent.FutureTask.run(FutureTask.java:317) ~[?:?]
	at net.minecraft.server.v1_12_R1.SystemUtils.a(SourceFile:46) ~[patched_1.12.2.jar:git-Paper-1620]
	at net.minecraft.server.v1_12_R1.MinecraftServer.D(MinecraftServer.java:850) ~[patched_1.12.2.jar:git-Paper-1620]
	at net.minecraft.server.v1_12_R1.DedicatedServer.D(DedicatedServer.java:423) ~[patched_1.12.2.jar:git-Paper-1620]
	at net.minecraft.server.v1_12_R1.MinecraftServer.C(MinecraftServer.java:774) ~[patched_1.12.2.jar:git-Paper-1620]
	at net.minecraft.server.v1_12_R1.MinecraftServer.run(MinecraftServer.java:666) ~[patched_1.12.2.jar:git-Paper-1620]
	at java.lang.Thread.run(Thread.java:1583) [?:?]
Caused by: java.lang.NullPointerException: Cannot invoke "String.equalsIgnoreCase(String)" because the return value of "org.bukkit.inventory.meta.ItemMeta.getLocalizedName()" is null
	at com.samleighton.xquiset.sethomes.eventListeners.EventListener.onPlayerInteractBlock(EventListener.java:28) ~[?:?]
	at com.destroystokyo.paper.event.executor.asm.generated.GeneratedEventExecutor78.execute(Unknown Source) ~[?:?]
	at org.bukkit.plugin.EventExecutor$2.execute(EventExecutor.java:70) ~[patched_1.12.2.jar:git-Paper-1620]
	... 17 more
[05:10:15] [Server thread/ERROR]: Could not pass event PlayerInteractEvent to SetHomes v1.3.0
org.bukkit.event.EventException: null
	at org.bukkit.plugin.EventExecutor$2.execute(EventExecutor.java:72) ~[patched_1.12.2.jar:git-Paper-1620]
	at co.aikar.timings.TimedEventExecutor.execute(TimedEventExecutor.java:78) ~[patched_1.12.2.jar:git-Paper-1620]
	at org.bukkit.plugin.RegisteredListener.callEvent(RegisteredListener.java:62) ~[patched_1.12.2.jar:git-Paper-1620]
	at org.bukkit.plugin.SimplePluginManager.callEvent(SimplePluginManager.java:513) ~[patched_1.12.2.jar:git-Paper-1620]
	at org.bukkit.craftbukkit.v1_12_R1.event.CraftEventFactory.callPlayerInteractEvent(CraftEventFactory.java:236) ~[patched_1.12.2.jar:git-Paper-1620]
	at net.minecraft.server.v1_12_R1.PlayerInteractManager.a(PlayerInteractManager.java:486) ~[patched_1.12.2.jar:git-Paper-1620]
	at net.minecraft.server.v1_12_R1.PlayerConnection.a(PlayerConnection.java:1011) ~[patched_1.12.2.jar:git-Paper-1620]
	at net.minecraft.server.v1_12_R1.PacketPlayInUseItem.a(PacketPlayInUseItem.java:37) ~[patched_1.12.2.jar:git-Paper-1620]
	at net.minecraft.server.v1_12_R1.PacketPlayInUseItem.a(PacketPlayInUseItem.java:5) ~[patched_1.12.2.jar:git-Paper-1620]
	at net.minecraft.server.v1_12_R1.PlayerConnectionUtils.lambda$ensureMainThread$0(PlayerConnectionUtils.java:14) ~[patched_1.12.2.jar:git-Paper-1620]
	at java.util.concurrent.Executors$RunnableAdapter.call(Executors.java:572) ~[?:?]
	at java.util.concurrent.FutureTask.run(FutureTask.java:317) ~[?:?]
	at net.minecraft.server.v1_12_R1.SystemUtils.a(SourceFile:46) ~[patched_1.12.2.jar:git-Paper-1620]
	at net.minecraft.server.v1_12_R1.MinecraftServer.D(MinecraftServer.java:850) ~[patched_1.12.2.jar:git-Paper-1620]
	at net.minecraft.server.v1_12_R1.DedicatedServer.D(DedicatedServer.java:423) ~[patched_1.12.2.jar:git-Paper-1620]
	at net.minecraft.server.v1_12_R1.MinecraftServer.C(MinecraftServer.java:774) ~[patched_1.12.2.jar:git-Paper-1620]
	at net.minecraft.server.v1_12_R1.MinecraftServer.run(MinecraftServer.java:666) ~[patched_1.12.2.jar:git-Paper-1620]
	at java.lang.Thread.run(Thread.java:1583) [?:?]
Caused by: java.lang.NullPointerException: Cannot invoke "String.equalsIgnoreCase(String)" because the return value of "org.bukkit.inventory.meta.ItemMeta.getLocalizedName()" is null
	at com.samleighton.xquiset.sethomes.eventListeners.EventListener.onPlayerInteractBlock(EventListener.java:28) ~[?:?]
	at com.destroystokyo.paper.event.executor.asm.generated.GeneratedEventExecutor78.execute(Unknown Source) ~[?:?]
	at org.bukkit.plugin.EventExecutor$2.execute(EventExecutor.java:70) ~[patched_1.12.2.jar:git-Paper-1620]
	... 17 more
[05:10:15] [Server thread/ERROR]: Could not pass event PlayerInteractEvent to SetHomes v1.3.0
org.bukkit.event.EventException: null
	at org.bukkit.plugin.EventExecutor$2.execute(EventExecutor.java:72) ~[patched_1.12.2.jar:git-Paper-1620]
	at co.aikar.timings.TimedEventExecutor.execute(TimedEventExecutor.java:78) ~[patched_1.12.2.jar:git-Paper-1620]
	at org.bukkit.plugin.RegisteredListener.callEvent(RegisteredListener.java:62) ~[patched_1.12.2.jar:git-Paper-1620]
	at org.bukkit.plugin.SimplePluginManager.callEvent(SimplePluginManager.java:513) ~[patched_1.12.2.jar:git-Paper-1620]
	at org.bukkit.craftbukkit.v1_12_R1.event.CraftEventFactory.callPlayerInteractEvent(CraftEventFactory.java:236) ~[patched_1.12.2.jar:git-Paper-1620]
	at net.minecraft.server.v1_12_R1.PlayerInteractManager.a(PlayerInteractManager.java:486) ~[patched_1.12.2.jar:git-Paper-1620]
	at net.minecraft.server.v1_12_R1.PlayerConnection.a(PlayerConnection.java:1011) ~[patched_1.12.2.jar:git-Paper-1620]
	at net.minecraft.server.v1_12_R1.PacketPlayInUseItem.a(PacketPlayInUseItem.java:37) ~[patched_1.12.2.jar:git-Paper-1620]
	at net.minecraft.server.v1_12_R1.PacketPlayInUseItem.a(PacketPlayInUseItem.java:5) ~[patched_1.12.2.jar:git-Paper-1620]
	at net.minecraft.server.v1_12_R1.PlayerConnectionUtils.lambda$ensureMainThread$0(PlayerConnectionUtils.java:14) ~[patched_1.12.2.jar:git-Paper-1620]
	at java.util.concurrent.Executors$RunnableAdapter.call(Executors.java:572) ~[?:?]
	at java.util.concurrent.FutureTask.run(FutureTask.java:317) ~[?:?]
	at net.minecraft.server.v1_12_R1.SystemUtils.a(SourceFile:46) ~[patched_1.12.2.jar:git-Paper-1620]
	at net.minecraft.server.v1_12_R1.MinecraftServer.D(MinecraftServer.java:850) ~[patched_1.12.2.jar:git-Paper-1620]
	at net.minecraft.server.v1_12_R1.DedicatedServer.D(DedicatedServer.java:423) ~[patched_1.12.2.jar:git-Paper-1620]
	at net.minecraft.server.v1_12_R1.MinecraftServer.C(MinecraftServer.java:774) ~[patched_1.12.2.jar:git-Paper-1620]
	at net.minecraft.server.v1_12_R1.MinecraftServer.run(MinecraftServer.java:666) ~[patched_1.12.2.jar:git-Paper-1620]
	at java.lang.Thread.run(Thread.java:1583) [?:?]
Caused by: java.lang.NullPointerException: Cannot invoke "String.equalsIgnoreCase(String)" because the return value of "org.bukkit.inventory.meta.ItemMeta.getLocalizedName()" is null
	at com.samleighton.xquiset.sethomes.eventListeners.EventListener.onPlayerInteractBlock(EventListener.java:28) ~[?:?]
	at com.destroystokyo.paper.event.executor.asm.generated.GeneratedEventExecutor78.execute(Unknown Source) ~[?:?]
	at org.bukkit.plugin.EventExecutor$2.execute(EventExecutor.java:70) ~[patched_1.12.2.jar:git-Paper-1620]
	... 17 more
[05:10:15] [Server thread/ERROR]: Could not pass event PlayerInteractEvent to SetHomes v1.3.0
org.bukkit.event.EventException: null
	at org.bukkit.plugin.EventExecutor$2.execute(EventExecutor.java:72) ~[patched_1.12.2.jar:git-Paper-1620]
	at co.aikar.timings.TimedEventExecutor.execute(TimedEventExecutor.java:78) ~[patched_1.12.2.jar:git-Paper-1620]
	at org.bukkit.plugin.RegisteredListener.callEvent(RegisteredListener.java:62) ~[patched_1.12.2.jar:git-Paper-1620]
	at org.bukkit.plugin.SimplePluginManager.callEvent(SimplePluginManager.java:513) ~[patched_1.12.2.jar:git-Paper-1620]
	at org.bukkit.craftbukkit.v1_12_R1.event.CraftEventFactory.callPlayerInteractEvent(CraftEventFactory.java:236) ~[patched_1.12.2.jar:git-Paper-1620]
	at net.minecraft.server.v1_12_R1.PlayerInteractManager.a(PlayerInteractManager.java:486) ~[patched_1.12.2.jar:git-Paper-1620]
	at net.minecraft.server.v1_12_R1.PlayerConnection.a(PlayerConnection.java:1011) ~[patched_1.12.2.jar:git-Paper-1620]
	at net.minecraft.server.v1_12_R1.PacketPlayInUseItem.a(PacketPlayInUseItem.java:37) ~[patched_1.12.2.jar:git-Paper-1620]
	at net.minecraft.server.v1_12_R1.PacketPlayInUseItem.a(PacketPlayInUseItem.java:5) ~[patched_1.12.2.jar:git-Paper-1620]
	at net.minecraft.server.v1_12_R1.PlayerConnectionUtils.lambda$ensureMainThread$0(PlayerConnectionUtils.java:14) ~[patched_1.12.2.jar:git-Paper-1620]
	at java.util.concurrent.Executors$RunnableAdapter.call(Executors.java:572) ~[?:?]
	at java.util.concurrent.FutureTask.run(FutureTask.java:317) ~[?:?]
	at net.minecraft.server.v1_12_R1.SystemUtils.a(SourceFile:46) ~[patched_1.12.2.jar:git-Paper-1620]
	at net.minecraft.server.v1_12_R1.MinecraftServer.D(MinecraftServer.java:850) ~[patched_1.12.2.jar:git-Paper-1620]
	at net.minecraft.server.v1_12_R1.DedicatedServer.D(DedicatedServer.java:423) ~[patched_1.12.2.jar:git-Paper-1620]
	at net.minecraft.server.v1_12_R1.MinecraftServer.C(MinecraftServer.java:774) ~[patched_1.12.2.jar:git-Paper-1620]
	at net.minecraft.server.v1_12_R1.MinecraftServer.run(MinecraftServer.java:666) ~[patched_1.12.2.jar:git-Paper-1620]
	at java.lang.Thread.run(Thread.java:1583) [?:?]
Caused by: java.lang.NullPointerException: Cannot invoke "String.equalsIgnoreCase(String)" because the return value of "org.bukkit.inventory.meta.ItemMeta.getLocalizedName()" is null
	at com.samleighton.xquiset.sethomes.eventListeners.EventListener.onPlayerInteractBlock(EventListener.java:28) ~[?:?]
	at com.destroystokyo.paper.event.executor.asm.generated.GeneratedEventExecutor78.execute(Unknown Source) ~[?:?]
	at org.bukkit.plugin.EventExecutor$2.execute(EventExecutor.java:70) ~[patched_1.12.2.jar:git-Paper-1620]
	... 17 more
[05:10:34] [Server thread/INFO]: naeem123 issued server command: /spawn
[05:10:36] [Server thread/ERROR]: Could not pass event PlayerInteractEvent to SetHomes v1.3.0
org.bukkit.event.EventException: null
	at org.bukkit.plugin.EventExecutor$2.execute(EventExecutor.java:72) ~[patched_1.12.2.jar:git-Paper-1620]
	at co.aikar.timings.TimedEventExecutor.execute(TimedEventExecutor.java:78) ~[patched_1.12.2.jar:git-Paper-1620]
	at org.bukkit.plugin.RegisteredListener.callEvent(RegisteredListener.java:62) ~[patched_1.12.2.jar:git-Paper-1620]
	at org.bukkit.plugin.SimplePluginManager.callEvent(SimplePluginManager.java:513) ~[patched_1.12.2.jar:git-Paper-1620]
	at org.bukkit.craftbukkit.v1_12_R1.event.CraftEventFactory.callPlayerInteractEvent(CraftEventFactory.java:236) ~[patched_1.12.2.jar:git-Paper-1620]
	at org.bukkit.craftbukkit.v1_12_R1.event.CraftEventFactory.callPlayerInteractEvent(CraftEventFactory.java:203) ~[patched_1.12.2.jar:git-Paper-1620]
	at org.bukkit.craftbukkit.v1_12_R1.event.CraftEventFactory.callPlayerInteractEvent(CraftEventFactory.java:199) ~[patched_1.12.2.jar:git-Paper-1620]
	at net.minecraft.server.v1_12_R1.PlayerConnection.a(PlayerConnection.java:1530) ~[patched_1.12.2.jar:git-Paper-1620]
	at net.minecraft.server.v1_12_R1.PacketPlayInArmAnimation.a(PacketPlayInArmAnimation.java:24) ~[patched_1.12.2.jar:git-Paper-1620]
	at net.minecraft.server.v1_12_R1.PacketPlayInArmAnimation.a(PacketPlayInArmAnimation.java:5) ~[patched_1.12.2.jar:git-Paper-1620]
	at net.minecraft.server.v1_12_R1.PlayerConnectionUtils.lambda$ensureMainThread$0(PlayerConnectionUtils.java:14) ~[patched_1.12.2.jar:git-Paper-1620]
	at java.util.concurrent.Executors$RunnableAdapter.call(Executors.java:572) ~[?:?]
	at java.util.concurrent.FutureTask.run(FutureTask.java:317) ~[?:?]
	at net.minecraft.server.v1_12_R1.SystemUtils.a(SourceFile:46) ~[patched_1.12.2.jar:git-Paper-1620]
	at net.minecraft.server.v1_12_R1.MinecraftServer.D(MinecraftServer.java:850) ~[patched_1.12.2.jar:git-Paper-1620]
	at net.minecraft.server.v1_12_R1.DedicatedServer.D(DedicatedServer.java:423) ~[patched_1.12.2.jar:git-Paper-1620]
	at net.minecraft.server.v1_12_R1.MinecraftServer.C(MinecraftServer.java:774) ~[patched_1.12.2.jar:git-Paper-1620]
	at net.minecraft.server.v1_12_R1.MinecraftServer.run(MinecraftServer.java:666) ~[patched_1.12.2.jar:git-Paper-1620]
	at java.lang.Thread.run(Thread.java:1583) [?:?]
Caused by: java.lang.NullPointerException: Cannot invoke "String.equalsIgnoreCase(String)" because the return value of "org.bukkit.inventory.meta.ItemMeta.getLocalizedName()" is null
	at com.samleighton.xquiset.sethomes.eventListeners.EventListener.onPlayerInteractBlock(EventListener.java:28) ~[?:?]
	at com.destroystokyo.paper.event.executor.asm.generated.GeneratedEventExecutor78.execute(Unknown Source) ~[?:?]
	at org.bukkit.plugin.EventExecutor$2.execute(EventExecutor.java:70) ~[patched_1.12.2.jar:git-Paper-1620]
	... 18 more
[05:10:36] [Server thread/ERROR]: Could not pass event PlayerInteractEvent to SetHomes v1.3.0
org.bukkit.event.EventException: null
	at org.bukkit.plugin.EventExecutor$2.execute(EventExecutor.java:72) ~[patched_1.12.2.jar:git-Paper-1620]
	at co.aikar.timings.TimedEventExecutor.execute(TimedEventExecutor.java:78) ~[patched_1.12.2.jar:git-Paper-1620]
	at org.bukkit.plugin.RegisteredListener.callEvent(RegisteredListener.java:62) ~[patched_1.12.2.jar:git-Paper-1620]
	at org.bukkit.plugin.SimplePluginManager.callEvent(SimplePluginManager.java:513) ~[patched_1.12.2.jar:git-Paper-1620]
	at org.bukkit.craftbukkit.v1_12_R1.event.CraftEventFactory.callPlayerInteractEvent(CraftEventFactory.java:236) ~[patched_1.12.2.jar:git-Paper-1620]
	at org.bukkit.craftbukkit.v1_12_R1.event.CraftEventFactory.callPlayerInteractEvent(CraftEventFactory.java:203) ~[patched_1.12.2.jar:git-Paper-1620]
	at net.minecraft.server.v1_12_R1.PlayerInteractManager.a(PlayerInteractManager.java:109) ~[patched_1.12.2.jar:git-Paper-1620]
	at net.minecraft.server.v1_12_R1.PlayerConnection.a(PlayerConnection.java:934) ~[patched_1.12.2.jar:git-Paper-1620]
	at net.minecraft.server.v1_12_R1.PacketPlayInBlockDig.a(SourceFile:40) ~[patched_1.12.2.jar:git-Paper-1620]
	at net.minecraft.server.v1_12_R1.PacketPlayInBlockDig.a(SourceFile:10) ~[patched_1.12.2.jar:git-Paper-1620]
	at net.minecraft.server.v1_12_R1.PlayerConnectionUtils.lambda$ensureMainThread$0(PlayerConnectionUtils.java:14) ~[patched_1.12.2.jar:git-Paper-1620]
	at java.util.concurrent.Executors$RunnableAdapter.call(Executors.java:572) ~[?:?]
	at java.util.concurrent.FutureTask.run(FutureTask.java:317) ~[?:?]
	at net.minecraft.server.v1_12_R1.SystemUtils.a(SourceFile:46) ~[patched_1.12.2.jar:git-Paper-1620]
	at net.minecraft.server.v1_12_R1.MinecraftServer.D(MinecraftServer.java:850) ~[patched_1.12.2.jar:git-Paper-1620]
	at net.minecraft.server.v1_12_R1.DedicatedServer.D(DedicatedServer.java:423) ~[patched_1.12.2.jar:git-Paper-1620]
	at net.minecraft.server.v1_12_R1.MinecraftServer.C(MinecraftServer.java:774) ~[patched_1.12.2.jar:git-Paper-1620]
	at net.minecraft.server.v1_12_R1.MinecraftServer.run(MinecraftServer.java:666) ~[patched_1.12.2.jar:git-Paper-1620]
	at java.lang.Thread.run(Thread.java:1583) [?:?]
Caused by: java.lang.NullPointerException: Cannot invoke "String.equalsIgnoreCase(String)" because the return value of "org.bukkit.inventory.meta.ItemMeta.getLocalizedName()" is null
	at com.samleighton.xquiset.sethomes.eventListeners.EventListener.onPlayerInteractBlock(EventListener.java:28) ~[?:?]
	at com.destroystokyo.paper.event.executor.asm.generated.GeneratedEventExecutor78.execute(Unknown Source) ~[?:?]
	at org.bukkit.plugin.EventExecutor$2.execute(EventExecutor.java:70) ~[patched_1.12.2.jar:git-Paper-1620]
	... 18 more
[05:10:36] [Server thread/ERROR]: Could not pass event PlayerInteractEvent to SetHomes v1.3.0
org.bukkit.event.EventException: null
	at org.bukkit.plugin.EventExecutor$2.execute(EventExecutor.java:72) ~[patched_1.12.2.jar:git-Paper-1620]
	at co.aikar.timings.TimedEventExecutor.execute(TimedEventExecutor.java:78) ~[patched_1.12.2.jar:git-Paper-1620]
	at org.bukkit.plugin.RegisteredListener.callEvent(RegisteredListener.java:62) ~[patched_1.12.2.jar:git-Paper-1620]
	at org.bukkit.plugin.SimplePluginManager.callEvent(SimplePluginManager.java:513) ~[patched_1.12.2.jar:git-Paper-1620]
	at org.bukkit.craftbukkit.v1_12_R1.event.CraftEventFactory.callPlayerInteractEvent(CraftEventFactory.java:236) ~[patched_1.12.2.jar:git-Paper-1620]
	at org.bukkit.craftbukkit.v1_12_R1.event.CraftEventFactory.callPlayerInteractEvent(CraftEventFactory.java:203) ~[patched_1.12.2.jar:git-Paper-1620]
	at org.bukkit.craftbukkit.v1_12_R1.event.CraftEventFactory.callPlayerInteractEvent(CraftEventFactory.java:199) ~[patched_1.12.2.jar:git-Paper-1620]
	at net.minecraft.server.v1_12_R1.PlayerConnection.a(PlayerConnection.java:1530) ~[patched_1.12.2.jar:git-Paper-1620]
	at net.minecraft.server.v1_12_R1.PacketPlayInArmAnimation.a(PacketPlayInArmAnimation.java:24) ~[patched_1.12.2.jar:git-Paper-1620]
	at net.minecraft.server.v1_12_R1.PacketPlayInArmAnimation.a(PacketPlayInArmAnimation.java:5) ~[patched_1.12.2.jar:git-Paper-1620]
	at net.minecraft.server.v1_12_R1.PlayerConnectionUtils.lambda$ensureMainThread$0(PlayerConnectionUtils.java:14) ~[patched_1.12.2.jar:git-Paper-1620]
	at java.util.concurrent.Executors$RunnableAdapter.call(Executors.java:572) ~[?:?]
	at java.util.concurrent.FutureTask.run(FutureTask.java:317) ~[?:?]
	at net.minecraft.server.v1_12_R1.SystemUtils.a(SourceFile:46) ~[patched_1.12.2.jar:git-Paper-1620]
	at net.minecraft.server.v1_12_R1.MinecraftServer.D(MinecraftServer.java:850) ~[patched_1.12.2.jar:git-Paper-1620]
	at net.minecraft.server.v1_12_R1.DedicatedServer.D(DedicatedServer.java:423) ~[patched_1.12.2.jar:git-Paper-1620]
	at net.minecraft.server.v1_12_R1.MinecraftServer.C(MinecraftServer.java:774) ~[patched_1.12.2.jar:git-Paper-1620]
	at net.minecraft.server.v1_12_R1.MinecraftServer.run(MinecraftServer.java:666) ~[patched_1.12.2.jar:git-Paper-1620]
	at java.lang.Thread.run(Thread.java:1583) [?:?]
Caused by: java.lang.NullPointerException: Cannot invoke "String.equalsIgnoreCase(String)" because the return value of "org.bukkit.inventory.meta.ItemMeta.getLocalizedName()" is null
	at com.samleighton.xquiset.sethomes.eventListeners.EventListener.onPlayerInteractBlock(EventListener.java:28) ~[?:?]
	at com.destroystokyo.paper.event.executor.asm.generated.GeneratedEventExecutor78.execute(Unknown Source) ~[?:?]
	at org.bukkit.plugin.EventExecutor$2.execute(EventExecutor.java:70) ~[patched_1.12.2.jar:git-Paper-1620]
	... 18 more
[05:10:37] [Server thread/ERROR]: Could not pass event PlayerInteractEvent to SetHomes v1.3.0
org.bukkit.event.EventException: null
	at org.bukkit.plugin.EventExecutor$2.execute(EventExecutor.java:72) ~[patched_1.12.2.jar:git-Paper-1620]
	at co.aikar.timings.TimedEventExecutor.execute(TimedEventExecutor.java:78) ~[patched_1.12.2.jar:git-Paper-1620]
	at org.bukkit.plugin.RegisteredListener.callEvent(RegisteredListener.java:62) ~[patched_1.12.2.jar:git-Paper-1620]
	at org.bukkit.plugin.SimplePluginManager.callEvent(SimplePluginManager.java:513) ~[patched_1.12.2.jar:git-Paper-1620]
	at org.bukkit.craftbukkit.v1_12_R1.event.CraftEventFactory.callPlayerInteractEvent(CraftEventFactory.java:236) ~[patched_1.12.2.jar:git-Paper-1620]
	at org.bukkit.craftbukkit.v1_12_R1.event.CraftEventFactory.callPlayerInteractEvent(CraftEventFactory.java:203) ~[patched_1.12.2.jar:git-Paper-1620]
	at org.bukkit.craftbukkit.v1_12_R1.event.CraftEventFactory.callPlayerInteractEvent(CraftEventFactory.java:199) ~[patched_1.12.2.jar:git-Paper-1620]
	at net.minecraft.server.v1_12_R1.PlayerConnection.a(PlayerConnection.java:1530) ~[patched_1.12.2.jar:git-Paper-1620]
	at net.minecraft.server.v1_12_R1.PacketPlayInArmAnimation.a(PacketPlayInArmAnimation.java:24) ~[patched_1.12.2.jar:git-Paper-1620]
	at net.minecraft.server.v1_12_R1.PacketPlayInArmAnimation.a(PacketPlayInArmAnimation.java:5) ~[patched_1.12.2.jar:git-Paper-1620]
	at net.minecraft.server.v1_12_R1.PlayerConnectionUtils.lambda$ensureMainThread$0(PlayerConnectionUtils.java:14) ~[patched_1.12.2.jar:git-Paper-1620]
	at java.util.concurrent.Executors$RunnableAdapter.call(Executors.java:572) ~[?:?]
	at java.util.concurrent.FutureTask.run(FutureTask.java:317) ~[?:?]
	at net.minecraft.server.v1_12_R1.SystemUtils.a(SourceFile:46) ~[patched_1.12.2.jar:git-Paper-1620]
	at net.minecraft.server.v1_12_R1.MinecraftServer.D(MinecraftServer.java:850) ~[patched_1.12.2.jar:git-Paper-1620]
	at net.minecraft.server.v1_12_R1.DedicatedServer.D(DedicatedServer.java:423) ~[patched_1.12.2.jar:git-Paper-1620]
	at net.minecraft.server.v1_12_R1.MinecraftServer.C(MinecraftServer.java:774) ~[patched_1.12.2.jar:git-Paper-1620]
	at net.minecraft.server.v1_12_R1.MinecraftServer.run(MinecraftServer.java:666) ~[patched_1.12.2.jar:git-Paper-1620]
	at java.lang.Thread.run(Thread.java:1583) [?:?]
Caused by: java.lang.NullPointerException: Cannot invoke "String.equalsIgnoreCase(String)" because the return value of "org.bukkit.inventory.meta.ItemMeta.getLocalizedName()" is null
	at com.samleighton.xquiset.sethomes.eventListeners.EventListener.onPlayerInteractBlock(EventListener.java:28) ~[?:?]
	at com.destroystokyo.paper.event.executor.asm.generated.GeneratedEventExecutor78.execute(Unknown Source) ~[?:?]
	at org.bukkit.plugin.EventExecutor$2.execute(EventExecutor.java:70) ~[patched_1.12.2.jar:git-Paper-1620]
	... 18 more
[05:10:37] [Server thread/ERROR]: Could not pass event PlayerInteractEvent to SetHomes v1.3.0
org.bukkit.event.EventException: null
	at org.bukkit.plugin.EventExecutor$2.execute(EventExecutor.java:72) ~[patched_1.12.2.jar:git-Paper-1620]
	at co.aikar.timings.TimedEventExecutor.execute(TimedEventExecutor.java:78) ~[patched_1.12.2.jar:git-Paper-1620]
	at org.bukkit.plugin.RegisteredListener.callEvent(RegisteredListener.java:62) ~[patched_1.12.2.jar:git-Paper-1620]
	at org.bukkit.plugin.SimplePluginManager.callEvent(SimplePluginManager.java:513) ~[patched_1.12.2.jar:git-Paper-1620]
	at org.bukkit.craftbukkit.v1_12_R1.event.CraftEventFactory.callPlayerInteractEvent(CraftEventFactory.java:236) ~[patched_1.12.2.jar:git-Paper-1620]
	at org.bukkit.craftbukkit.v1_12_R1.event.CraftEventFactory.callPlayerInteractEvent(CraftEventFactory.java:203) ~[patched_1.12.2.jar:git-Paper-1620]
	at org.bukkit.craftbukkit.v1_12_R1.event.CraftEventFactory.callPlayerInteractEvent(CraftEventFactory.java:199) ~[patched_1.12.2.jar:git-Paper-1620]
	at net.minecraft.server.v1_12_R1.PlayerConnection.a(PlayerConnection.java:1530) ~[patched_1.12.2.jar:git-Paper-1620]
	at net.minecraft.server.v1_12_R1.PacketPlayInArmAnimation.a(PacketPlayInArmAnimation.java:24) ~[patched_1.12.2.jar:git-Paper-1620]
	at net.minecraft.server.v1_12_R1.PacketPlayInArmAnimation.a(PacketPlayInArmAnimation.java:5) ~[patched_1.12.2.jar:git-Paper-1620]
	at net.minecraft.server.v1_12_R1.PlayerConnectionUtils.lambda$ensureMainThread$0(PlayerConnectionUtils.java:14) ~[patched_1.12.2.jar:git-Paper-1620]
	at java.util.concurrent.Executors$RunnableAdapter.call(Executors.java:572) ~[?:?]
	at java.util.concurrent.FutureTask.run(FutureTask.java:317) ~[?:?]
	at net.minecraft.server.v1_12_R1.SystemUtils.a(SourceFile:46) ~[patched_1.12.2.jar:git-Paper-1620]
	at net.minecraft.server.v1_12_R1.MinecraftServer.D(MinecraftServer.java:850) ~[patched_1.12.2.jar:git-Paper-1620]
	at net.minecraft.server.v1_12_R1.DedicatedServer.D(DedicatedServer.java:423) ~[patched_1.12.2.jar:git-Paper-1620]
	at net.minecraft.server.v1_12_R1.MinecraftServer.C(MinecraftServer.java:774) ~[patched_1.12.2.jar:git-Paper-1620]
	at net.minecraft.server.v1_12_R1.MinecraftServer.run(MinecraftServer.java:666) ~[patched_1.12.2.jar:git-Paper-1620]
	at java.lang.Thread.run(Thread.java:1583) [?:?]
Caused by: java.lang.NullPointerException: Cannot invoke "String.equalsIgnoreCase(String)" because the return value of "org.bukkit.inventory.meta.ItemMeta.getLocalizedName()" is null
	at com.samleighton.xquiset.sethomes.eventListeners.EventListener.onPlayerInteractBlock(EventListener.java:28) ~[?:?]
	at com.destroystokyo.paper.event.executor.asm.generated.GeneratedEventExecutor78.execute(Unknown Source) ~[?:?]
	at org.bukkit.plugin.EventExecutor$2.execute(EventExecutor.java:70) ~[patched_1.12.2.jar:git-Paper-1620]
	... 18 more
[05:10:37] [Server thread/ERROR]: Could not pass event PlayerInteractEvent to SetHomes v1.3.0
org.bukkit.event.EventException: null
	at org.bukkit.plugin.EventExecutor$2.execute(EventExecutor.java:72) ~[patched_1.12.2.jar:git-Paper-1620]
	at co.aikar.timings.TimedEventExecutor.execute(TimedEventExecutor.java:78) ~[patched_1.12.2.jar:git-Paper-1620]
	at org.bukkit.plugin.RegisteredListener.callEvent(RegisteredListener.java:62) ~[patched_1.12.2.jar:git-Paper-1620]
	at org.bukkit.plugin.SimplePluginManager.callEvent(SimplePluginManager.java:513) ~[patched_1.12.2.jar:git-Paper-1620]
	at org.bukkit.craftbukkit.v1_12_R1.event.CraftEventFactory.callPlayerInteractEvent(CraftEventFactory.java:236) ~[patched_1.12.2.jar:git-Paper-1620]
	at org.bukkit.craftbukkit.v1_12_R1.event.CraftEventFactory.callPlayerInteractEvent(CraftEventFactory.java:203) ~[patched_1.12.2.jar:git-Paper-1620]
	at net.minecraft.server.v1_12_R1.PlayerInteractManager.a(PlayerInteractManager.java:109) ~[patched_1.12.2.jar:git-Paper-1620]
	at net.minecraft.server.v1_12_R1.PlayerConnection.a(PlayerConnection.java:934) ~[patched_1.12.2.jar:git-Paper-1620]
	at net.minecraft.server.v1_12_R1.PacketPlayInBlockDig.a(SourceFile:40) ~[patched_1.12.2.jar:git-Paper-1620]
	at net.minecraft.server.v1_12_R1.PacketPlayInBlockDig.a(SourceFile:10) ~[patched_1.12.2.jar:git-Paper-1620]
	at net.minecraft.server.v1_12_R1.PlayerConnectionUtils.lambda$ensureMainThread$0(PlayerConnectionUtils.java:14) ~[patched_1.12.2.jar:git-Paper-1620]
	at java.util.concurrent.Executors$RunnableAdapter.call(Executors.java:572) ~[?:?]
	at java.util.concurrent.FutureTask.run(FutureTask.java:317) ~[?:?]
	at net.minecraft.server.v1_12_R1.SystemUtils.a(SourceFile:46) ~[patched_1.12.2.jar:git-Paper-1620]
	at net.minecraft.server.v1_12_R1.MinecraftServer.D(MinecraftServer.java:850) ~[patched_1.12.2.jar:git-Paper-1620]
	at net.minecraft.server.v1_12_R1.DedicatedServer.D(DedicatedServer.java:423) ~[patched_1.12.2.jar:git-Paper-1620]
	at net.minecraft.server.v1_12_R1.MinecraftServer.C(MinecraftServer.java:774) ~[patched_1.12.2.jar:git-Paper-1620]
	at net.minecraft.server.v1_12_R1.MinecraftServer.run(MinecraftServer.java:666) ~[patched_1.12.2.jar:git-Paper-1620]
	at java.lang.Thread.run(Thread.java:1583) [?:?]
Caused by: java.lang.NullPointerException: Cannot invoke "String.equalsIgnoreCase(String)" because the return value of "org.bukkit.inventory.meta.ItemMeta.getLocalizedName()" is null
	at com.samleighton.xquiset.sethomes.eventListeners.EventListener.onPlayerInteractBlock(EventListener.java:28) ~[?:?]
	at com.destroystokyo.paper.event.executor.asm.generated.GeneratedEventExecutor78.execute(Unknown Source) ~[?:?]
	at org.bukkit.plugin.EventExecutor$2.execute(EventExecutor.java:70) ~[patched_1.12.2.jar:git-Paper-1620]
	... 18 more
[05:10:37] [Server thread/ERROR]: Could not pass event PlayerInteractEvent to SetHomes v1.3.0
org.bukkit.event.EventException: null
	at org.bukkit.plugin.EventExecutor$2.execute(EventExecutor.java:72) ~[patched_1.12.2.jar:git-Paper-1620]
	at co.aikar.timings.TimedEventExecutor.execute(TimedEventExecutor.java:78) ~[patched_1.12.2.jar:git-Paper-1620]
	at org.bukkit.plugin.RegisteredListener.callEvent(RegisteredListener.java:62) ~[patched_1.12.2.jar:git-Paper-1620]
	at org.bukkit.plugin.SimplePluginManager.callEvent(SimplePluginManager.java:513) ~[patched_1.12.2.jar:git-Paper-1620]
	at org.bukkit.craftbukkit.v1_12_R1.event.CraftEventFactory.callPlayerInteractEvent(CraftEventFactory.java:236) ~[patched_1.12.2.jar:git-Paper-1620]
	at org.bukkit.craftbukkit.v1_12_R1.event.CraftEventFactory.callPlayerInteractEvent(CraftEventFactory.java:203) ~[patched_1.12.2.jar:git-Paper-1620]
	at org.bukkit.craftbukkit.v1_12_R1.event.CraftEventFactory.callPlayerInteractEvent(CraftEventFactory.java:199) ~[patched_1.12.2.jar:git-Paper-1620]
	at net.minecraft.server.v1_12_R1.PlayerConnection.a(PlayerConnection.java:1530) ~[patched_1.12.2.jar:git-Paper-1620]
	at net.minecraft.server.v1_12_R1.PacketPlayInArmAnimation.a(PacketPlayInArmAnimation.java:24) ~[patched_1.12.2.jar:git-Paper-1620]
	at net.minecraft.server.v1_12_R1.PacketPlayInArmAnimation.a(PacketPlayInArmAnimation.java:5) ~[patched_1.12.2.jar:git-Paper-1620]
	at net.minecraft.server.v1_12_R1.PlayerConnectionUtils.lambda$ensureMainThread$0(PlayerConnectionUtils.java:14) ~[patched_1.12.2.jar:git-Paper-1620]
	at java.util.concurrent.Executors$RunnableAdapter.call(Executors.java:572) ~[?:?]
	at java.util.concurrent.FutureTask.run(FutureTask.java:317) ~[?:?]
	at net.minecraft.server.v1_12_R1.SystemUtils.a(SourceFile:46) ~[patched_1.12.2.jar:git-Paper-1620]
	at net.minecraft.server.v1_12_R1.MinecraftServer.D(MinecraftServer.java:850) ~[patched_1.12.2.jar:git-Paper-1620]
	at net.minecraft.server.v1_12_R1.DedicatedServer.D(DedicatedServer.java:423) ~[patched_1.12.2.jar:git-Paper-1620]
	at net.minecraft.server.v1_12_R1.MinecraftServer.C(MinecraftServer.java:774) ~[patched_1.12.2.jar:git-Paper-1620]
	at net.minecraft.server.v1_12_R1.MinecraftServer.run(MinecraftServer.java:666) ~[patched_1.12.2.jar:git-Paper-1620]
	at java.lang.Thread.run(Thread.java:1583) [?:?]
Caused by: java.lang.NullPointerException: Cannot invoke "String.equalsIgnoreCase(String)" because the return value of "org.bukkit.inventory.meta.ItemMeta.getLocalizedName()" is null
	at com.samleighton.xquiset.sethomes.eventListeners.EventListener.onPlayerInteractBlock(EventListener.java:28) ~[?:?]
	at com.destroystokyo.paper.event.executor.asm.generated.GeneratedEventExecutor78.execute(Unknown Source) ~[?:?]
	at org.bukkit.plugin.EventExecutor$2.execute(EventExecutor.java:70) ~[patched_1.12.2.jar:git-Paper-1620]
	... 18 more
[05:10:37] [Server thread/ERROR]: Could not pass event PlayerInteractEvent to SetHomes v1.3.0
org.bukkit.event.EventException: null
	at org.bukkit.plugin.EventExecutor$2.execute(EventExecutor.java:72) ~[patched_1.12.2.jar:git-Paper-1620]
	at co.aikar.timings.TimedEventExecutor.execute(TimedEventExecutor.java:78) ~[patched_1.12.2.jar:git-Paper-1620]
	at org.bukkit.plugin.RegisteredListener.callEvent(RegisteredListener.java:62) ~[patched_1.12.2.jar:git-Paper-1620]
	at org.bukkit.plugin.SimplePluginManager.callEvent(SimplePluginManager.java:513) ~[patched_1.12.2.jar:git-Paper-1620]
	at org.bukkit.craftbukkit.v1_12_R1.event.CraftEventFactory.callPlayerInteractEvent(CraftEventFactory.java:236) ~[patched_1.12.2.jar:git-Paper-1620]
	at org.bukkit.craftbukkit.v1_12_R1.event.CraftEventFactory.callPlayerInteractEvent(CraftEventFactory.java:203) ~[patched_1.12.2.jar:git-Paper-1620]
	at org.bukkit.craftbukkit.v1_12_R1.event.CraftEventFactory.callPlayerInteractEvent(CraftEventFactory.java:199) ~[patched_1.12.2.jar:git-Paper-1620]
	at net.minecraft.server.v1_12_R1.PlayerConnection.a(PlayerConnection.java:1530) ~[patched_1.12.2.jar:git-Paper-1620]
	at net.minecraft.server.v1_12_R1.PacketPlayInArmAnimation.a(PacketPlayInArmAnimation.java:24) ~[patched_1.12.2.jar:git-Paper-1620]
	at net.minecraft.server.v1_12_R1.PacketPlayInArmAnimation.a(PacketPlayInArmAnimation.java:5) ~[patched_1.12.2.jar:git-Paper-1620]
	at net.minecraft.server.v1_12_R1.PlayerConnectionUtils.lambda$ensureMainThread$0(PlayerConnectionUtils.java:14) ~[patched_1.12.2.jar:git-Paper-1620]
	at java.util.concurrent.Executors$RunnableAdapter.call(Executors.java:572) ~[?:?]
	at java.util.concurrent.FutureTask.run(FutureTask.java:317) ~[?:?]
	at net.minecraft.server.v1_12_R1.SystemUtils.a(SourceFile:46) ~[patched_1.12.2.jar:git-Paper-1620]
	at net.minecraft.server.v1_12_R1.MinecraftServer.D(MinecraftServer.java:850) ~[patched_1.12.2.jar:git-Paper-1620]
	at net.minecraft.server.v1_12_R1.DedicatedServer.D(DedicatedServer.java:423) ~[patched_1.12.2.jar:git-Paper-1620]
	at net.minecraft.server.v1_12_R1.MinecraftServer.C(MinecraftServer.java:774) ~[patched_1.12.2.jar:git-Paper-1620]
	at net.minecraft.server.v1_12_R1.MinecraftServer.run(MinecraftServer.java:666) ~[patched_1.12.2.jar:git-Paper-1620]
	at java.lang.Thread.run(Thread.java:1583) [?:?]
Caused by: java.lang.NullPointerException: Cannot invoke "String.equalsIgnoreCase(String)" because the return value of "org.bukkit.inventory.meta.ItemMeta.getLocalizedName()" is null
	at com.samleighton.xquiset.sethomes.eventListeners.EventListener.onPlayerInteractBlock(EventListener.java:28) ~[?:?]
	at com.destroystokyo.paper.event.executor.asm.generated.GeneratedEventExecutor78.execute(Unknown Source) ~[?:?]
	at org.bukkit.plugin.EventExecutor$2.execute(EventExecutor.java:70) ~[patched_1.12.2.jar:git-Paper-1620]
	... 18 more
[05:10:37] [Server thread/ERROR]: Could not pass event PlayerInteractEvent to SetHomes v1.3.0
org.bukkit.event.EventException: null
	at org.bukkit.plugin.EventExecutor$2.execute(EventExecutor.java:72) ~[patched_1.12.2.jar:git-Paper-1620]
	at co.aikar.timings.TimedEventExecutor.execute(TimedEventExecutor.java:78) ~[patched_1.12.2.jar:git-Paper-1620]
	at org.bukkit.plugin.RegisteredListener.callEvent(RegisteredListener.java:62) ~[patched_1.12.2.jar:git-Paper-1620]
	at org.bukkit.plugin.SimplePluginManager.callEvent(SimplePluginManager.java:513) ~[patched_1.12.2.jar:git-Paper-1620]
	at org.bukkit.craftbukkit.v1_12_R1.event.CraftEventFactory.callPlayerInteractEvent(CraftEventFactory.java:236) ~[patched_1.12.2.jar:git-Paper-1620]
	at org.bukkit.craftbukkit.v1_12_R1.event.CraftEventFactory.callPlayerInteractEvent(CraftEventFactory.java:203) ~[patched_1.12.2.jar:git-Paper-1620]
	at org.bukkit.craftbukkit.v1_12_R1.event.CraftEventFactory.callPlayerInteractEvent(CraftEventFactory.java:199) ~[patched_1.12.2.jar:git-Paper-1620]
	at net.minecraft.server.v1_12_R1.PlayerConnection.a(PlayerConnection.java:1530) ~[patched_1.12.2.jar:git-Paper-1620]
	at net.minecraft.server.v1_12_R1.PacketPlayInArmAnimation.a(PacketPlayInArmAnimation.java:24) ~[patched_1.12.2.jar:git-Paper-1620]
	at net.minecraft.server.v1_12_R1.PacketPlayInArmAnimation.a(PacketPlayInArmAnimation.java:5) ~[patched_1.12.2.jar:git-Paper-1620]
	at net.minecraft.server.v1_12_R1.PlayerConnectionUtils.lambda$ensureMainThread$0(PlayerConnectionUtils.java:14) ~[patched_1.12.2.jar:git-Paper-1620]
	at java.util.concurrent.Executors$RunnableAdapter.call(Executors.java:572) ~[?:?]
	at java.util.concurrent.FutureTask.run(FutureTask.java:317) ~[?:?]
	at net.minecraft.server.v1_12_R1.SystemUtils.a(SourceFile:46) ~[patched_1.12.2.jar:git-Paper-1620]
	at net.minecraft.server.v1_12_R1.MinecraftServer.D(MinecraftServer.java:850) ~[patched_1.12.2.jar:git-Paper-1620]
	at net.minecraft.server.v1_12_R1.DedicatedServer.D(DedicatedServer.java:423) ~[patched_1.12.2.jar:git-Paper-1620]
	at net.minecraft.server.v1_12_R1.MinecraftServer.C(MinecraftServer.java:774) ~[patched_1.12.2.jar:git-Paper-1620]
	at net.minecraft.server.v1_12_R1.MinecraftServer.run(MinecraftServer.java:666) ~[patched_1.12.2.jar:git-Paper-1620]
	at java.lang.Thread.run(Thread.java:1583) [?:?]
Caused by: java.lang.NullPointerException: Cannot invoke "String.equalsIgnoreCase(String)" because the return value of "org.bukkit.inventory.meta.ItemMeta.getLocalizedName()" is null
	at com.samleighton.xquiset.sethomes.eventListeners.EventListener.onPlayerInteractBlock(EventListener.java:28) ~[?:?]
	at com.destroystokyo.paper.event.executor.asm.generated.GeneratedEventExecutor78.execute(Unknown Source) ~[?:?]
	at org.bukkit.plugin.EventExecutor$2.execute(EventExecutor.java:70) ~[patched_1.12.2.jar:git-Paper-1620]
	... 18 more
[05:10:38] [Server thread/ERROR]: Could not pass event PlayerInteractEvent to SetHomes v1.3.0
org.bukkit.event.EventException: null
	at org.bukkit.plugin.EventExecutor$2.execute(EventExecutor.java:72) ~[patched_1.12.2.jar:git-Paper-1620]
	at co.aikar.timings.TimedEventExecutor.execute(TimedEventExecutor.java:78) ~[patched_1.12.2.jar:git-Paper-1620]
	at org.bukkit.plugin.RegisteredListener.callEvent(RegisteredListener.java:62) ~[patched_1.12.2.jar:git-Paper-1620]
	at org.bukkit.plugin.SimplePluginManager.callEvent(SimplePluginManager.java:513) ~[patched_1.12.2.jar:git-Paper-1620]
	at org.bukkit.craftbukkit.v1_12_R1.event.CraftEventFactory.callPlayerInteractEvent(CraftEventFactory.java:236) ~[patched_1.12.2.jar:git-Paper-1620]
	at org.bukkit.craftbukkit.v1_12_R1.event.CraftEventFactory.callPlayerInteractEvent(CraftEventFactory.java:203) ~[patched_1.12.2.jar:git-Paper-1620]
	at org.bukkit.craftbukkit.v1_12_R1.event.CraftEventFactory.callPlayerInteractEvent(CraftEventFactory.java:199) ~[patched_1.12.2.jar:git-Paper-1620]
	at net.minecraft.server.v1_12_R1.PlayerConnection.a(PlayerConnection.java:1530) ~[patched_1.12.2.jar:git-Paper-1620]
	at net.minecraft.server.v1_12_R1.PacketPlayInArmAnimation.a(PacketPlayInArmAnimation.java:24) ~[patched_1.12.2.jar:git-Paper-1620]
	at net.minecraft.server.v1_12_R1.PacketPlayInArmAnimation.a(PacketPlayInArmAnimation.java:5) ~[patched_1.12.2.jar:git-Paper-1620]
	at net.minecraft.server.v1_12_R1.PlayerConnectionUtils.lambda$ensureMainThread$0(PlayerConnectionUtils.java:14) ~[patched_1.12.2.jar:git-Paper-1620]
	at java.util.concurrent.Executors$RunnableAdapter.call(Executors.java:572) ~[?:?]
	at java.util.concurrent.FutureTask.run(FutureTask.java:317) ~[?:?]
	at net.minecraft.server.v1_12_R1.SystemUtils.a(SourceFile:46) ~[patched_1.12.2.jar:git-Paper-1620]
	at net.minecraft.server.v1_12_R1.MinecraftServer.D(MinecraftServer.java:850) ~[patched_1.12.2.jar:git-Paper-1620]
	at net.minecraft.server.v1_12_R1.DedicatedServer.D(DedicatedServer.java:423) ~[patched_1.12.2.jar:git-Paper-1620]
	at net.minecraft.server.v1_12_R1.MinecraftServer.C(MinecraftServer.java:774) ~[patched_1.12.2.jar:git-Paper-1620]
	at net.minecraft.server.v1_12_R1.MinecraftServer.run(MinecraftServer.java:666) ~[patched_1.12.2.jar:git-Paper-1620]
	at java.lang.Thread.run(Thread.java:1583) [?:?]
Caused by: java.lang.NullPointerException: Cannot invoke "String.equalsIgnoreCase(String)" because the return value of "org.bukkit.inventory.meta.ItemMeta.getLocalizedName()" is null
	at com.samleighton.xquiset.sethomes.eventListeners.EventListener.onPlayerInteractBlock(EventListener.java:28) ~[?:?]
	at com.destroystokyo.paper.event.executor.asm.generated.GeneratedEventExecutor78.execute(Unknown Source) ~[?:?]
	at org.bukkit.plugin.EventExecutor$2.execute(EventExecutor.java:70) ~[patched_1.12.2.jar:git-Paper-1620]
	... 18 more
[05:10:38] [Server thread/ERROR]: Could not pass event PlayerInteractEvent to SetHomes v1.3.0
org.bukkit.event.EventException: null
	at org.bukkit.plugin.EventExecutor$2.execute(EventExecutor.java:72) ~[patched_1.12.2.jar:git-Paper-1620]
	at co.aikar.timings.TimedEventExecutor.execute(TimedEventExecutor.java:78) ~[patched_1.12.2.jar:git-Paper-1620]
	at org.bukkit.plugin.RegisteredListener.callEvent(RegisteredListener.java:62) ~[patched_1.12.2.jar:git-Paper-1620]
	at org.bukkit.plugin.SimplePluginManager.callEvent(SimplePluginManager.java:513) ~[patched_1.12.2.jar:git-Paper-1620]
	at org.bukkit.craftbukkit.v1_12_R1.event.CraftEventFactory.callPlayerInteractEvent(CraftEventFactory.java:236) ~[patched_1.12.2.jar:git-Paper-1620]
	at org.bukkit.craftbukkit.v1_12_R1.event.CraftEventFactory.callPlayerInteractEvent(CraftEventFactory.java:203) ~[patched_1.12.2.jar:git-Paper-1620]
	at org.bukkit.craftbukkit.v1_12_R1.event.CraftEventFactory.callPlayerInteractEvent(CraftEventFactory.java:199) ~[patched_1.12.2.jar:git-Paper-1620]
	at net.minecraft.server.v1_12_R1.PlayerConnection.a(PlayerConnection.java:1530) ~[patched_1.12.2.jar:git-Paper-1620]
	at net.minecraft.server.v1_12_R1.PacketPlayInArmAnimation.a(PacketPlayInArmAnimation.java:24) ~[patched_1.12.2.jar:git-Paper-1620]
	at net.minecraft.server.v1_12_R1.PacketPlayInArmAnimation.a(PacketPlayInArmAnimation.java:5) ~[patched_1.12.2.jar:git-Paper-1620]
	at net.minecraft.server.v1_12_R1.PlayerConnectionUtils.lambda$ensureMainThread$0(PlayerConnectionUtils.java:14) ~[patched_1.12.2.jar:git-Paper-1620]
	at java.util.concurrent.Executors$RunnableAdapter.call(Executors.java:572) ~[?:?]
	at java.util.concurrent.FutureTask.run(FutureTask.java:317) ~[?:?]
	at net.minecraft.server.v1_12_R1.SystemUtils.a(SourceFile:46) ~[patched_1.12.2.jar:git-Paper-1620]
	at net.minecraft.server.v1_12_R1.MinecraftServer.D(MinecraftServer.java:850) ~[patched_1.12.2.jar:git-Paper-1620]
	at net.minecraft.server.v1_12_R1.DedicatedServer.D(DedicatedServer.java:423) ~[patched_1.12.2.jar:git-Paper-1620]
	at net.minecraft.server.v1_12_R1.MinecraftServer.C(MinecraftServer.java:774) ~[patched_1.12.2.jar:git-Paper-1620]
	at net.minecraft.server.v1_12_R1.MinecraftServer.run(MinecraftServer.java:666) ~[patched_1.12.2.jar:git-Paper-1620]
	at java.lang.Thread.run(Thread.java:1583) [?:?]
Caused by: java.lang.NullPointerException: Cannot invoke "String.equalsIgnoreCase(String)" because the return value of "org.bukkit.inventory.meta.ItemMeta.getLocalizedName()" is null
	at com.samleighton.xquiset.sethomes.eventListeners.EventListener.onPlayerInteractBlock(EventListener.java:28) ~[?:?]
	at com.destroystokyo.paper.event.executor.asm.generated.GeneratedEventExecutor78.execute(Unknown Source) ~[?:?]
	at org.bukkit.plugin.EventExecutor$2.execute(EventExecutor.java:70) ~[patched_1.12.2.jar:git-Paper-1620]
	... 18 more
[05:10:38] [Server thread/ERROR]: Could not pass event PlayerInteractEvent to SetHomes v1.3.0
org.bukkit.event.EventException: null
	at org.bukkit.plugin.EventExecutor$2.execute(EventExecutor.java:72) ~[patched_1.12.2.jar:git-Paper-1620]
	at co.aikar.timings.TimedEventExecutor.execute(TimedEventExecutor.java:78) ~[patched_1.12.2.jar:git-Paper-1620]
	at org.bukkit.plugin.RegisteredListener.callEvent(RegisteredListener.java:62) ~[patched_1.12.2.jar:git-Paper-1620]
	at org.bukkit.plugin.SimplePluginManager.callEvent(SimplePluginManager.java:513) ~[patched_1.12.2.jar:git-Paper-1620]
	at org.bukkit.craftbukkit.v1_12_R1.event.CraftEventFactory.callPlayerInteractEvent(CraftEventFactory.java:236) ~[patched_1.12.2.jar:git-Paper-1620]
	at org.bukkit.craftbukkit.v1_12_R1.event.CraftEventFactory.callPlayerInteractEvent(CraftEventFactory.java:203) ~[patched_1.12.2.jar:git-Paper-1620]
	at net.minecraft.server.v1_12_R1.PlayerInteractManager.a(PlayerInteractManager.java:109) ~[patched_1.12.2.jar:git-Paper-1620]
	at net.minecraft.server.v1_12_R1.PlayerConnection.a(PlayerConnection.java:934) ~[patched_1.12.2.jar:git-Paper-1620]
	at net.minecraft.server.v1_12_R1.PacketPlayInBlockDig.a(SourceFile:40) ~[patched_1.12.2.jar:git-Paper-1620]
	at net.minecraft.server.v1_12_R1.PacketPlayInBlockDig.a(SourceFile:10) ~[patched_1.12.2.jar:git-Paper-1620]
	at net.minecraft.server.v1_12_R1.PlayerConnectionUtils.lambda$ensureMainThread$0(PlayerConnectionUtils.java:14) ~[patched_1.12.2.jar:git-Paper-1620]
	at java.util.concurrent.Executors$RunnableAdapter.call(Executors.java:572) ~[?:?]
	at java.util.concurrent.FutureTask.run(FutureTask.java:317) ~[?:?]
	at net.minecraft.server.v1_12_R1.SystemUtils.a(SourceFile:46) ~[patched_1.12.2.jar:git-Paper-1620]
	at net.minecraft.server.v1_12_R1.MinecraftServer.D(MinecraftServer.java:850) ~[patched_1.12.2.jar:git-Paper-1620]
	at net.minecraft.server.v1_12_R1.DedicatedServer.D(DedicatedServer.java:423) ~[patched_1.12.2.jar:git-Paper-1620]
	at net.minecraft.server.v1_12_R1.MinecraftServer.C(MinecraftServer.java:774) ~[patched_1.12.2.jar:git-Paper-1620]
	at net.minecraft.server.v1_12_R1.MinecraftServer.run(MinecraftServer.java:666) ~[patched_1.12.2.jar:git-Paper-1620]
	at java.lang.Thread.run(Thread.java:1583) [?:?]
Caused by: java.lang.NullPointerException: Cannot invoke "String.equalsIgnoreCase(String)" because the return value of "org.bukkit.inventory.meta.ItemMeta.getLocalizedName()" is null
	at com.samleighton.xquiset.sethomes.eventListeners.EventListener.onPlayerInteractBlock(EventListener.java:28) ~[?:?]
	at com.destroystokyo.paper.event.executor.asm.generated.GeneratedEventExecutor78.execute(Unknown Source) ~[?:?]
	at org.bukkit.plugin.EventExecutor$2.execute(EventExecutor.java:70) ~[patched_1.12.2.jar:git-Paper-1620]
	... 18 more
[05:10:38] [Server thread/ERROR]: Could not pass event PlayerInteractEvent to SetHomes v1.3.0
org.bukkit.event.EventException: null
	at org.bukkit.plugin.EventExecutor$2.execute(EventExecutor.java:72) ~[patched_1.12.2.jar:git-Paper-1620]
	at co.aikar.timings.TimedEventExecutor.execute(TimedEventExecutor.java:78) ~[patched_1.12.2.jar:git-Paper-1620]
	at org.bukkit.plugin.RegisteredListener.callEvent(RegisteredListener.java:62) ~[patched_1.12.2.jar:git-Paper-1620]
	at org.bukkit.plugin.SimplePluginManager.callEvent(SimplePluginManager.java:513) ~[patched_1.12.2.jar:git-Paper-1620]
	at org.bukkit.craftbukkit.v1_12_R1.event.CraftEventFactory.callPlayerInteractEvent(CraftEventFactory.java:236) ~[patched_1.12.2.jar:git-Paper-1620]
	at org.bukkit.craftbukkit.v1_12_R1.event.CraftEventFactory.callPlayerInteractEvent(CraftEventFactory.java:203) ~[patched_1.12.2.jar:git-Paper-1620]
	at org.bukkit.craftbukkit.v1_12_R1.event.CraftEventFactory.callPlayerInteractEvent(CraftEventFactory.java:199) ~[patched_1.12.2.jar:git-Paper-1620]
	at net.minecraft.server.v1_12_R1.PlayerConnection.a(PlayerConnection.java:1530) ~[patched_1.12.2.jar:git-Paper-1620]
	at net.minecraft.server.v1_12_R1.PacketPlayInArmAnimation.a(PacketPlayInArmAnimation.java:24) ~[patched_1.12.2.jar:git-Paper-1620]
	at net.minecraft.server.v1_12_R1.PacketPlayInArmAnimation.a(PacketPlayInArmAnimation.java:5) ~[patched_1.12.2.jar:git-Paper-1620]
	at net.minecraft.server.v1_12_R1.PlayerConnectionUtils.lambda$ensureMainThread$0(PlayerConnectionUtils.java:14) ~[patched_1.12.2.jar:git-Paper-1620]
	at java.util.concurrent.Executors$RunnableAdapter.call(Executors.java:572) ~[?:?]
	at java.util.concurrent.FutureTask.run(FutureTask.java:317) ~[?:?]
	at net.minecraft.server.v1_12_R1.SystemUtils.a(SourceFile:46) ~[patched_1.12.2.jar:git-Paper-1620]
	at net.minecraft.server.v1_12_R1.MinecraftServer.D(MinecraftServer.java:850) ~[patched_1.12.2.jar:git-Paper-1620]
	at net.minecraft.server.v1_12_R1.DedicatedServer.D(DedicatedServer.java:423) ~[patched_1.12.2.jar:git-Paper-1620]
	at net.minecraft.server.v1_12_R1.MinecraftServer.C(MinecraftServer.java:774) ~[patched_1.12.2.jar:git-Paper-1620]
	at net.minecraft.server.v1_12_R1.MinecraftServer.run(MinecraftServer.java:666) ~[patched_1.12.2.jar:git-Paper-1620]
	at java.lang.Thread.run(Thread.java:1583) [?:?]
Caused by: java.lang.NullPointerException: Cannot invoke "String.equalsIgnoreCase(String)" because the return value of "org.bukkit.inventory.meta.ItemMeta.getLocalizedName()" is null
	at com.samleighton.xquiset.sethomes.eventListeners.EventListener.onPlayerInteractBlock(EventListener.java:28) ~[?:?]
	at com.destroystokyo.paper.event.executor.asm.generated.GeneratedEventExecutor78.execute(Unknown Source) ~[?:?]
	at org.bukkit.plugin.EventExecutor$2.execute(EventExecutor.java:70) ~[patched_1.12.2.jar:git-Paper-1620]
	... 18 more
[05:10:38] [Server thread/ERROR]: Could not pass event PlayerInteractEvent to SetHomes v1.3.0
org.bukkit.event.EventException: null
	at org.bukkit.plugin.EventExecutor$2.execute(EventExecutor.java:72) ~[patched_1.12.2.jar:git-Paper-1620]
	at co.aikar.timings.TimedEventExecutor.execute(TimedEventExecutor.java:78) ~[patched_1.12.2.jar:git-Paper-1620]
	at org.bukkit.plugin.RegisteredListener.callEvent(RegisteredListener.java:62) ~[patched_1.12.2.jar:git-Paper-1620]
	at org.bukkit.plugin.SimplePluginManager.callEvent(SimplePluginManager.java:513) ~[patched_1.12.2.jar:git-Paper-1620]
	at org.bukkit.craftbukkit.v1_12_R1.event.CraftEventFactory.callPlayerInteractEvent(CraftEventFactory.java:236) ~[patched_1.12.2.jar:git-Paper-1620]
	at org.bukkit.craftbukkit.v1_12_R1.event.CraftEventFactory.callPlayerInteractEvent(CraftEventFactory.java:203) ~[patched_1.12.2.jar:git-Paper-1620]
	at org.bukkit.craftbukkit.v1_12_R1.event.CraftEventFactory.callPlayerInteractEvent(CraftEventFactory.java:199) ~[patched_1.12.2.jar:git-Paper-1620]
	at net.minecraft.server.v1_12_R1.PlayerConnection.a(PlayerConnection.java:1530) ~[patched_1.12.2.jar:git-Paper-1620]
	at net.minecraft.server.v1_12_R1.PacketPlayInArmAnimation.a(PacketPlayInArmAnimation.java:24) ~[patched_1.12.2.jar:git-Paper-1620]
	at net.minecraft.server.v1_12_R1.PacketPlayInArmAnimation.a(PacketPlayInArmAnimation.java:5) ~[patched_1.12.2.jar:git-Paper-1620]
	at net.minecraft.server.v1_12_R1.PlayerConnectionUtils.lambda$ensureMainThread$0(PlayerConnectionUtils.java:14) ~[patched_1.12.2.jar:git-Paper-1620]
	at java.util.concurrent.Executors$RunnableAdapter.call(Executors.java:572) ~[?:?]
	at java.util.concurrent.FutureTask.run(FutureTask.java:317) ~[?:?]
	at net.minecraft.server.v1_12_R1.SystemUtils.a(SourceFile:46) ~[patched_1.12.2.jar:git-Paper-1620]
	at net.minecraft.server.v1_12_R1.MinecraftServer.D(MinecraftServer.java:850) ~[patched_1.12.2.jar:git-Paper-1620]
	at net.minecraft.server.v1_12_R1.DedicatedServer.D(DedicatedServer.java:423) ~[patched_1.12.2.jar:git-Paper-1620]
	at net.minecraft.server.v1_12_R1.MinecraftServer.C(MinecraftServer.java:774) ~[patched_1.12.2.jar:git-Paper-1620]
	at net.minecraft.server.v1_12_R1.MinecraftServer.run(MinecraftServer.java:666) ~[patched_1.12.2.jar:git-Paper-1620]
	at java.lang.Thread.run(Thread.java:1583) [?:?]
Caused by: java.lang.NullPointerException: Cannot invoke "String.equalsIgnoreCase(String)" because the return value of "org.bukkit.inventory.meta.ItemMeta.getLocalizedName()" is null
	at com.samleighton.xquiset.sethomes.eventListeners.EventListener.onPlayerInteractBlock(EventListener.java:28) ~[?:?]
	at com.destroystokyo.paper.event.executor.asm.generated.GeneratedEventExecutor78.execute(Unknown Source) ~[?:?]
	at org.bukkit.plugin.EventExecutor$2.execute(EventExecutor.java:70) ~[patched_1.12.2.jar:git-Paper-1620]
	... 18 more
[05:10:38] [Server thread/ERROR]: Could not pass event PlayerInteractEvent to SetHomes v1.3.0
org.bukkit.event.EventException: null
	at org.bukkit.plugin.EventExecutor$2.execute(EventExecutor.java:72) ~[patched_1.12.2.jar:git-Paper-1620]
	at co.aikar.timings.TimedEventExecutor.execute(TimedEventExecutor.java:78) ~[patched_1.12.2.jar:git-Paper-1620]
	at org.bukkit.plugin.RegisteredListener.callEvent(RegisteredListener.java:62) ~[patched_1.12.2.jar:git-Paper-1620]
	at org.bukkit.plugin.SimplePluginManager.callEvent(SimplePluginManager.java:513) ~[patched_1.12.2.jar:git-Paper-1620]
	at org.bukkit.craftbukkit.v1_12_R1.event.CraftEventFactory.callPlayerInteractEvent(CraftEventFactory.java:236) ~[patched_1.12.2.jar:git-Paper-1620]
	at org.bukkit.craftbukkit.v1_12_R1.event.CraftEventFactory.callPlayerInteractEvent(CraftEventFactory.java:203) ~[patched_1.12.2.jar:git-Paper-1620]
	at org.bukkit.craftbukkit.v1_12_R1.event.CraftEventFactory.callPlayerInteractEvent(CraftEventFactory.java:199) ~[patched_1.12.2.jar:git-Paper-1620]
	at net.minecraft.server.v1_12_R1.PlayerConnection.a(PlayerConnection.java:1530) ~[patched_1.12.2.jar:git-Paper-1620]
	at net.minecraft.server.v1_12_R1.PacketPlayInArmAnimation.a(PacketPlayInArmAnimation.java:24) ~[patched_1.12.2.jar:git-Paper-1620]
	at net.minecraft.server.v1_12_R1.PacketPlayInArmAnimation.a(PacketPlayInArmAnimation.java:5) ~[patched_1.12.2.jar:git-Paper-1620]
	at net.minecraft.server.v1_12_R1.PlayerConnectionUtils.lambda$ensureMainThread$0(PlayerConnectionUtils.java:14) ~[patched_1.12.2.jar:git-Paper-1620]
	at java.util.concurrent.Executors$RunnableAdapter.call(Executors.java:572) ~[?:?]
	at java.util.concurrent.FutureTask.run(FutureTask.java:317) ~[?:?]
	at net.minecraft.server.v1_12_R1.SystemUtils.a(SourceFile:46) ~[patched_1.12.2.jar:git-Paper-1620]
	at net.minecraft.server.v1_12_R1.MinecraftServer.D(MinecraftServer.java:850) ~[patched_1.12.2.jar:git-Paper-1620]
	at net.minecraft.server.v1_12_R1.DedicatedServer.D(DedicatedServer.java:423) ~[patched_1.12.2.jar:git-Paper-1620]
	at net.minecraft.server.v1_12_R1.MinecraftServer.C(MinecraftServer.java:774) ~[patched_1.12.2.jar:git-Paper-1620]
	at net.minecraft.server.v1_12_R1.MinecraftServer.run(MinecraftServer.java:666) ~[patched_1.12.2.jar:git-Paper-1620]
	at java.lang.Thread.run(Thread.java:1583) [?:?]
Caused by: java.lang.NullPointerException: Cannot invoke "String.equalsIgnoreCase(String)" because the return value of "org.bukkit.inventory.meta.ItemMeta.getLocalizedName()" is null
	at com.samleighton.xquiset.sethomes.eventListeners.EventListener.onPlayerInteractBlock(EventListener.java:28) ~[?:?]
	at com.destroystokyo.paper.event.executor.asm.generated.GeneratedEventExecutor78.execute(Unknown Source) ~[?:?]
	at org.bukkit.plugin.EventExecutor$2.execute(EventExecutor.java:70) ~[patched_1.12.2.jar:git-Paper-1620]
	... 18 more
[05:10:38] [Server thread/ERROR]: Could not pass event PlayerInteractEvent to SetHomes v1.3.0
org.bukkit.event.EventException: null
	at org.bukkit.plugin.EventExecutor$2.execute(EventExecutor.java:72) ~[patched_1.12.2.jar:git-Paper-1620]
	at co.aikar.timings.TimedEventExecutor.execute(TimedEventExecutor.java:78) ~[patched_1.12.2.jar:git-Paper-1620]
	at org.bukkit.plugin.RegisteredListener.callEvent(RegisteredListener.java:62) ~[patched_1.12.2.jar:git-Paper-1620]
	at org.bukkit.plugin.SimplePluginManager.callEvent(SimplePluginManager.java:513) ~[patched_1.12.2.jar:git-Paper-1620]
	at org.bukkit.craftbukkit.v1_12_R1.event.CraftEventFactory.callPlayerInteractEvent(CraftEventFactory.java:236) ~[patched_1.12.2.jar:git-Paper-1620]
	at org.bukkit.craftbukkit.v1_12_R1.event.CraftEventFactory.callPlayerInteractEvent(CraftEventFactory.java:203) ~[patched_1.12.2.jar:git-Paper-1620]
	at org.bukkit.craftbukkit.v1_12_R1.event.CraftEventFactory.callPlayerInteractEvent(CraftEventFactory.java:199) ~[patched_1.12.2.jar:git-Paper-1620]
	at net.minecraft.server.v1_12_R1.PlayerConnection.a(PlayerConnection.java:1530) ~[patched_1.12.2.jar:git-Paper-1620]
	at net.minecraft.server.v1_12_R1.PacketPlayInArmAnimation.a(PacketPlayInArmAnimation.java:24) ~[patched_1.12.2.jar:git-Paper-1620]
	at net.minecraft.server.v1_12_R1.PacketPlayInArmAnimation.a(PacketPlayInArmAnimation.java:5) ~[patched_1.12.2.jar:git-Paper-1620]
	at net.minecraft.server.v1_12_R1.PlayerConnectionUtils.lambda$ensureMainThread$0(PlayerConnectionUtils.java:14) ~[patched_1.12.2.jar:git-Paper-1620]
	at java.util.concurrent.Executors$RunnableAdapter.call(Executors.java:572) ~[?:?]
	at java.util.concurrent.FutureTask.run(FutureTask.java:317) ~[?:?]
	at net.minecraft.server.v1_12_R1.SystemUtils.a(SourceFile:46) ~[patched_1.12.2.jar:git-Paper-1620]
	at net.minecraft.server.v1_12_R1.MinecraftServer.D(MinecraftServer.java:850) ~[patched_1.12.2.jar:git-Paper-1620]
	at net.minecraft.server.v1_12_R1.DedicatedServer.D(DedicatedServer.java:423) ~[patched_1.12.2.jar:git-Paper-1620]
	at net.minecraft.server.v1_12_R1.MinecraftServer.C(MinecraftServer.java:774) ~[patched_1.12.2.jar:git-Paper-1620]
	at net.minecraft.server.v1_12_R1.MinecraftServer.run(MinecraftServer.java:666) ~[patched_1.12.2.jar:git-Paper-1620]
	at java.lang.Thread.run(Thread.java:1583) [?:?]
Caused by: java.lang.NullPointerException: Cannot invoke "String.equalsIgnoreCase(String)" because the return value of "org.bukkit.inventory.meta.ItemMeta.getLocalizedName()" is null
	at com.samleighton.xquiset.sethomes.eventListeners.EventListener.onPlayerInteractBlock(EventListener.java:28) ~[?:?]
	at com.destroystokyo.paper.event.executor.asm.generated.GeneratedEventExecutor78.execute(Unknown Source) ~[?:?]
	at org.bukkit.plugin.EventExecutor$2.execute(EventExecutor.java:70) ~[patched_1.12.2.jar:git-Paper-1620]
	... 18 more
[05:10:38] [Server thread/ERROR]: Could not pass event PlayerInteractEvent to SetHomes v1.3.0
org.bukkit.event.EventException: null
	at org.bukkit.plugin.EventExecutor$2.execute(EventExecutor.java:72) ~[patched_1.12.2.jar:git-Paper-1620]
	at co.aikar.timings.TimedEventExecutor.execute(TimedEventExecutor.java:78) ~[patched_1.12.2.jar:git-Paper-1620]
	at org.bukkit.plugin.RegisteredListener.callEvent(RegisteredListener.java:62) ~[patched_1.12.2.jar:git-Paper-1620]
	at org.bukkit.plugin.SimplePluginManager.callEvent(SimplePluginManager.java:513) ~[patched_1.12.2.jar:git-Paper-1620]
	at org.bukkit.craftbukkit.v1_12_R1.event.CraftEventFactory.callPlayerInteractEvent(CraftEventFactory.java:236) ~[patched_1.12.2.jar:git-Paper-1620]
	at org.bukkit.craftbukkit.v1_12_R1.event.CraftEventFactory.callPlayerInteractEvent(CraftEventFactory.java:203) ~[patched_1.12.2.jar:git-Paper-1620]
	at net.minecraft.server.v1_12_R1.PlayerInteractManager.a(PlayerInteractManager.java:109) ~[patched_1.12.2.jar:git-Paper-1620]
	at net.minecraft.server.v1_12_R1.PlayerConnection.a(PlayerConnection.java:934) ~[patched_1.12.2.jar:git-Paper-1620]
	at net.minecraft.server.v1_12_R1.PacketPlayInBlockDig.a(SourceFile:40) ~[patched_1.12.2.jar:git-Paper-1620]
	at net.minecraft.server.v1_12_R1.PacketPlayInBlockDig.a(SourceFile:10) ~[patched_1.12.2.jar:git-Paper-1620]
	at net.minecraft.server.v1_12_R1.PlayerConnectionUtils.lambda$ensureMainThread$0(PlayerConnectionUtils.java:14) ~[patched_1.12.2.jar:git-Paper-1620]
	at java.util.concurrent.Executors$RunnableAdapter.call(Executors.java:572) ~[?:?]
	at java.util.concurrent.FutureTask.run(FutureTask.java:317) ~[?:?]
	at net.minecraft.server.v1_12_R1.SystemUtils.a(SourceFile:46) ~[patched_1.12.2.jar:git-Paper-1620]
	at net.minecraft.server.v1_12_R1.MinecraftServer.D(MinecraftServer.java:850) ~[patched_1.12.2.jar:git-Paper-1620]
	at net.minecraft.server.v1_12_R1.DedicatedServer.D(DedicatedServer.java:423) ~[patched_1.12.2.jar:git-Paper-1620]
	at net.minecraft.server.v1_12_R1.MinecraftServer.C(MinecraftServer.java:774) ~[patched_1.12.2.jar:git-Paper-1620]
	at net.minecraft.server.v1_12_R1.MinecraftServer.run(MinecraftServer.java:666) ~[patched_1.12.2.jar:git-Paper-1620]
	at java.lang.Thread.run(Thread.java:1583) [?:?]
Caused by: java.lang.NullPointerException: Cannot invoke "String.equalsIgnoreCase(String)" because the return value of "org.bukkit.inventory.meta.ItemMeta.getLocalizedName()" is null
	at com.samleighton.xquiset.sethomes.eventListeners.EventListener.onPlayerInteractBlock(EventListener.java:28) ~[?:?]
	at com.destroystokyo.paper.event.executor.asm.generated.GeneratedEventExecutor78.execute(Unknown Source) ~[?:?]
	at org.bukkit.plugin.EventExecutor$2.execute(EventExecutor.java:70) ~[patched_1.12.2.jar:git-Paper-1620]
	... 18 more
[05:13:00] [Server thread/INFO]: naeem123 lost connection: Disconnected
[05:13:00] [Server thread/INFO]: naeem123 left the game
[05:15:25] [User Authenticator #3/INFO]: UUID of player naeem123 is a8d851a0-d2b0-32a4-80be-33b152c844cc
[05:15:25] [Server thread/INFO]: naeem123[/127.0.0.1:42890] logged in with entity id 5341 at ([Lobby]-12.87184511427219, 99.0, -8.79939468932923)
[05:15:30] [Server thread/INFO]: naeem123 issued server command: /mv import bedwarsmap normal
[05:16:35] [Server thread/INFO]: naeem123 lost connection: Disconnected
[05:16:35] [Server thread/INFO]: naeem123 left the game
